/*USE central_administration_sfcs;*/

	
		insert  into central_administration_sfcs.rbac_permission(permission_id,permission_des,permission_name,status) values (1,'user can have view access only','view','active'),(2,'user can have manual edit rights','edit','active'),(3,'user can have update rights','update','active'),(4,'user can have delete rights','delete','active'),(5,'user can have approve access','approve','active'),(6,'user can have authorize access','authorized','active'),(7,'authorize Level - 1','authorizeLevel_1','active'),(8,'authorize Level - 2','authorizeLevel_2','active'),(9,'authorize Level - 3','authorizeLevel_3','active'),(10,'authorize Level - 4','authorizeLevel_4','active'),(11,'authorize Level - 5','authorizeLevel_5','active'),(12,'authorize Level - 6','authorizeLevel_6','active');
		insert  into central_administration_sfcs.rbac_role_menu_per(role_menu_per_id,role_menu_id,permission_id) values (1,1,1),(2,1,2),(3,1,3),(4,1,4),(5,1,5),(6,1,6),(7,1,7),(8,1,8),(9,1,9),(10,1,10),(11,1,11),(12,1,12),(13,2,1),(14,2,2),(15,2,3),(16,2,4),(17,2,5),(18,2,6),(19,2,7),(20,2,8),(21,2,9),(22,2,10),(23,2,11),(24,2,12),(25,3,1),(26,3,2),(27,3,3),(28,3,4),(29,3,5),(30,3,6),(31,3,7),(32,3,8),(33,3,9),(34,3,10),(35,3,11),(36,3,12),(37,4,1),(38,4,2),(39,4,3),(40,4,4),(41,4,5),(42,4,6),(43,4,7),(44,4,8),(45,4,9),(46,4,10),(47,4,11),(48,4,12),(49,5,1),(50,5,2),(51,5,3),(52,5,4),(53,5,5),(54,5,6),(55,5,7),(56,5,8),(57,5,9),(58,5,10),(59,5,11),(60,5,12),(61,6,1),(62,6,2),(63,6,3),(64,6,4),(65,6,5),(66,6,6),(67,6,7),(68,6,8),(69,6,9),(70,6,10),(71,6,11),(72,6,12),(73,7,1),(74,7,2),(75,7,3),(76,7,4),(77,7,5),(78,7,6),(79,7,7),(80,7,8),(81,7,9),(82,7,10),(83,7,11),(84,7,12),(85,8,1),(86,8,2),(87,8,3),(88,8,4),(89,8,5),(90,8,6),(91,8,7),(92,8,8),(93,8,9),(94,8,10),(95,8,11),(96,8,12),(97,9,1),(98,9,2),(99,9,3),(100,9,4),(101,9,5),(102,9,6),(103,9,7),(104,9,8),(105,9,9),(106,9,10),(107,9,11),(108,9,12),(109,10,1),(110,10,2),(111,10,3),(112,10,4),(113,10,5),(114,10,6),(115,10,7),(116,10,8),(117,10,9),(118,10,10),(119,10,11),(120,10,12),(121,11,1),(122,11,2),(123,11,3),(124,11,4),(125,11,5),(126,11,6),(127,11,7),(128,11,8),(129,11,9),(130,11,10),(131,11,11),(132,11,12),(133,12,1),(134,12,2),(135,12,3),(136,12,4),(137,12,5),(138,12,6),(139,12,7),(140,12,8),(141,12,9),(142,12,10),(143,12,11),(144,12,12),(145,13,1),(146,13,2),(147,13,3),(148,13,4),(149,13,5),(150,13,6),(151,13,7),(152,13,8),(153,13,9),(154,13,10),(155,13,11),(156,13,12),(157,14,1),(158,14,2),(159,14,3),(160,14,4),(161,14,5),(162,14,6),(163,14,7),(164,14,8),(165,14,9),(166,14,10),(167,14,11),(168,14,12),(169,15,1),(170,15,2),(171,15,3),(172,15,4),(173,15,5),(174,15,6),(175,15,7),(176,15,8),(177,15,9),(178,15,10),(179,15,11),(180,15,12),(181,16,1),(182,16,2),(183,16,3),(184,16,4),(185,16,5),(186,16,6),(187,16,7),(188,16,8),(189,16,9),(190,16,10),(191,16,11),(192,16,12),(193,17,1),(194,17,2),(195,17,3),(196,17,4),(197,17,5),(198,17,6),(199,17,7),(200,17,8),(201,17,9),(202,17,10),(203,17,11),(204,17,12),(205,18,1),(206,18,2),(207,18,3),(208,18,4),(209,18,5),(210,18,6),(211,18,7),(212,18,8),(213,18,9),(214,18,10),(215,18,11),(216,18,12),(217,19,1),(218,19,2),(219,19,3),(220,19,4),(221,19,5),(222,19,6),(223,19,7),(224,19,8),(225,19,9),(226,19,10),(227,19,11),(228,19,12),(229,20,1),(230,20,2),(231,20,3),(232,20,4),(233,20,5),(234,20,6),(235,20,7),(236,20,8),(237,20,9),(238,20,10),(239,20,11),(240,20,12),(241,21,1),(242,21,2),(243,21,3),(244,21,4),(245,21,5),(246,21,6),(247,21,7),(248,21,8),(249,21,9),(250,21,10),(251,21,11),(252,21,12),(253,22,1),(254,22,2),(255,22,3),(256,22,4),(257,22,5),(258,22,6),(259,22,7),(260,22,8),(261,22,9),(262,22,10),(263,22,11),(264,22,12),(265,23,1),(266,23,2),(267,23,3),(268,23,4),(269,23,5),(270,23,6),(271,23,7),(272,23,8),(273,23,9),(274,23,10),(275,23,11),(276,23,12),(277,24,1),(278,24,2),(279,24,3),(280,24,4),(281,24,5),(282,24,6),(283,24,7),(284,24,8),(285,24,9),(286,24,10),(287,24,11),(288,24,12),(289,25,1),(290,25,2),(291,25,3),(292,25,4),(293,25,5),(294,25,6),(295,25,7),(296,25,8),(297,25,9),(298,25,10),(299,25,11),(300,25,12),(301,26,1),(302,26,2),(303,26,3),(304,26,4),(305,26,5),(306,26,6),(307,26,7),(308,26,8),(309,26,9),(310,26,10),(311,26,11),(312,26,12),(313,27,1),(314,27,2),(315,27,3),(316,27,4),(317,27,5),(318,27,6),(319,27,7),(320,27,8),(321,27,9),(322,27,10),(323,27,11),(324,27,12),(325,28,1),(326,28,2),(327,28,3),(328,28,4),(329,28,5),(330,28,6),(331,28,7),(332,28,8),(333,28,9),(334,28,10),(335,28,11),(336,28,12),(337,29,1),(338,29,2),(339,29,3),(340,29,4),(341,29,5),(342,29,6),(343,29,7),(344,29,8),(345,29,9),(346,29,10),(347,29,11),(348,29,12),(349,30,1),(350,30,2),(351,30,3),(352,30,4),(353,30,5),(354,30,6),(355,30,7),(356,30,8),(357,30,9),(358,30,10),(359,30,11),(360,30,12),(361,31,1),(362,31,2),(363,31,3),(364,31,4),(365,31,5),(366,31,6),(367,31,7),(368,31,8),(369,31,9),(370,31,10),(371,31,11),(372,31,12),(373,32,1),(374,32,2),(375,32,3),(376,32,4),(377,32,5),(378,32,6),(379,32,7),(380,32,8),(381,32,9),(382,32,10),(383,32,11),(384,32,12),(385,33,1),(386,33,2),(387,33,3),(388,33,4),(389,33,5),(390,33,6),(391,33,7),(392,33,8),(393,33,9),(394,33,10),(395,33,11),(396,33,12),(397,34,1),(398,34,2),(399,34,3),(400,34,4),(401,34,5),(402,34,6),(403,34,7),(404,34,8),(405,34,9),(406,34,10),(407,34,11),(408,34,12),(409,35,1),(410,35,2),(411,35,3),(412,35,4),(413,35,5),(414,35,6),(415,35,7),(416,35,8),(417,35,9),(418,35,10),(419,35,11),(420,35,12),(421,36,1),(422,36,2),(423,36,3),(424,36,4),(425,36,5),(426,36,6),(427,36,7),(428,36,8),(429,36,9),(430,36,10),(431,36,11),(432,36,12),(433,37,1),(434,37,2),(435,37,3),(436,37,4),(437,37,5),(438,37,6),(439,37,7),(440,37,8),(441,37,9),(442,37,10),(443,37,11),(444,37,12),(445,38,1),(446,38,2),(447,38,3),(448,38,4),(449,38,5),(450,38,6),(451,38,7),(452,38,8),(453,38,9),(454,38,10),(455,38,11),(456,38,12),(457,39,1),(458,39,2),(459,39,3),(460,39,4),(461,39,5),(462,39,6),(463,39,7),(464,39,8),(465,39,9),(466,39,10),(467,39,11),(468,39,12),(469,40,1),(470,40,2),(471,40,3),(472,40,4),(473,40,5),(474,40,6),(475,40,7),(476,40,8),(477,40,9),(478,40,10),(479,40,11),(480,40,12),(481,41,1),(482,41,2),(483,41,3),(484,41,4),(485,41,5),(486,41,6),(487,41,7),(488,41,8),(489,41,9),(490,41,10),(491,41,11),(492,41,12),(493,42,1),(494,42,2),(495,42,3),(496,42,4),(497,42,5),(498,42,6),(499,42,7),(500,42,8),(501,42,9),(502,42,10),(503,42,11),(504,42,12),(505,43,1),(506,43,2),(507,43,3),(508,43,4),(509,43,5),(510,43,6),(511,43,7),(512,43,8),(513,43,9),(514,43,10),(515,43,11),(516,43,12),(517,44,1),(518,44,2),(519,44,3),(520,44,4),(521,44,5),(522,44,6),(523,44,7),(524,44,8),(525,44,9),(526,44,10),(527,44,11),(528,44,12),(529,45,1),(530,45,2),(531,45,3),(532,45,4),(533,45,5),(534,45,6),(535,45,7),(536,45,8),(537,45,9),(538,45,10),(539,45,11),(540,45,12),(541,46,1),(542,46,2),(543,46,3),(544,46,4),(545,46,5),(546,46,6),(547,46,7),(548,46,8),(549,46,9),(550,46,10),(551,46,11),(552,46,12),(553,47,1),(554,47,2),(555,47,3),(556,47,4),(557,47,5),(558,47,6),(559,47,7),(560,47,8),(561,47,9),(562,47,10),(563,47,11),(564,47,12),(565,48,1),(566,48,2),(567,48,3),(568,48,4),(569,48,5),(570,48,6),(571,48,7),(572,48,8),(573,48,9),(574,48,10),(575,48,11),(576,48,12),(577,49,1),(578,49,2),(579,49,3),(580,49,4),(581,49,5),(582,49,6),(583,49,7),(584,49,8),(585,49,9),(586,49,10),(587,49,11),(588,49,12),(589,50,1),(590,50,2),(591,50,3),(592,50,4),(593,50,5),(594,50,6),(595,50,7),(596,50,8),(597,50,9),(598,50,10),(599,50,11),(600,50,12),(601,51,1),(602,51,2),(603,51,3),(604,51,4),(605,51,5),(606,51,6),(607,51,7),(608,51,8),(609,51,9),(610,51,10),(611,51,11),(612,51,12),(613,52,1),(614,52,2),(615,52,3),(616,52,4),(617,52,5),(618,52,6),(619,52,7),(620,52,8),(621,52,9),(622,52,10),(623,52,11),(624,52,12),(625,53,1),(626,53,2),(627,53,3),(628,53,4),(629,53,5),(630,53,6),(631,53,7),(632,53,8),(633,53,9),(634,53,10),(635,53,11),(636,53,12),(637,54,1),(638,54,2),(639,54,3),(640,54,4),(641,54,5),(642,54,6),(643,54,7),(644,54,8),(645,54,9),(646,54,10),(647,54,11),(648,54,12),(649,55,1),(650,55,2),(651,55,3),(652,55,4),(653,55,5),(654,55,6),(655,55,7),(656,55,8),(657,55,9),(658,55,10),(659,55,11),(660,55,12),(661,56,1),(662,56,2),(663,56,3),(664,56,4),(665,56,5),(666,56,6),(667,56,7),(668,56,8),(669,56,9),(670,56,10),(671,56,11),(672,56,12),(673,57,1),(674,57,2),(675,57,3),(676,57,4),(677,57,5),(678,57,6),(679,57,7),(680,57,8),(681,57,9),(682,57,10),(683,57,11),(684,57,12),(685,58,1),(686,58,2),(687,58,3),(688,58,4),(689,58,5),(690,58,6),(691,58,7),(692,58,8),(693,58,9),(694,58,10),(695,58,11),(696,58,12),(697,59,1),(698,59,2),(699,59,3),(700,59,4),(701,59,5),(702,59,6),(703,59,7),(704,59,8),(705,59,9),(706,59,10),(707,59,11),(708,59,12),(709,60,1),(710,60,2),(711,60,3),(712,60,4),(713,60,5),(714,60,6),(715,60,7),(716,60,8),(717,60,9),(718,60,10),(719,60,11),(720,60,12),(721,61,1),(722,61,2),(723,61,3),(724,61,4),(725,61,5),(726,61,6),(727,61,7),(728,61,8),(729,61,9),(730,61,10),(731,61,11),(732,61,12),(733,62,1),(734,62,2),(735,62,3),(736,62,4),(737,62,5),(738,62,6),(739,62,7),(740,62,8),(741,62,9),(742,62,10),(743,62,11),(744,62,12),(745,63,1),(746,63,2),(747,63,3),(748,63,4),(749,63,5),(750,63,6),(751,63,7),(752,63,8),(753,63,9),(754,63,10),(755,63,11),(756,63,12),(757,64,1),(758,64,2),(759,64,3),(760,64,4),(761,64,5),(762,64,6),(763,64,7),(764,64,8),(765,64,9),(766,64,10),(767,64,11),(768,64,12),(769,65,1),(770,65,2),(771,65,3),(772,65,4),(773,65,5),(774,65,6),(775,65,7),(776,65,8),(777,65,9),(778,65,10),(779,65,11),(780,65,12),(781,66,1),(782,66,2),(783,66,3),(784,66,4),(785,66,5),(786,66,6),(787,66,7),(788,66,8),(789,66,9),(790,66,10),(791,66,11),(792,66,12),(793,67,1),(794,67,2),(795,67,3),(796,67,4),(797,67,5),(798,67,6),(799,67,7),(800,67,8),(801,67,9),(802,67,10),(803,67,11),(804,67,12),(805,68,1),(806,68,2),(807,68,3),(808,68,4),(809,68,5),(810,68,6),(811,68,7),(812,68,8),(813,68,9),(814,68,10),(815,68,11),(816,68,12),(817,69,1),(818,69,2),(819,69,3),(820,69,4),(821,69,5),(822,69,6),(823,69,7),(824,69,8),(825,69,9),(826,69,10),(827,69,11),(828,69,12),(829,70,1),(830,70,2),(831,70,3),(832,70,4),(833,70,5),(834,70,6),(835,70,7),(836,70,8),(837,70,9),(838,70,10),(839,70,11),(840,70,12),(841,71,1),(842,71,2),(843,71,3),(844,71,4),(845,71,5),(846,71,6),(847,71,7),(848,71,8),(849,71,9),(850,71,10),(851,71,11),(852,71,12),(853,72,1),(854,72,2),(855,72,3),(856,72,4),(857,72,5),(858,72,6),(859,72,7),(860,72,8),(861,72,9),(862,72,10),(863,72,11),(864,72,12),(865,73,1),(866,73,2),(867,73,3),(868,73,4),(869,73,5),(870,73,6),(871,73,7),(872,73,8),(873,73,9),(874,73,10),(875,73,11),(876,73,12),(877,74,1),(878,74,2),(879,74,3),(880,74,4),(881,74,5),(882,74,6),(883,74,7),(884,74,8),(885,74,9),(886,74,10),(887,74,11),(888,74,12),(889,75,1),(890,75,2),(891,75,3),(892,75,4),(893,75,5),(894,75,6),(895,75,7),(896,75,8),(897,75,9),(898,75,10),(899,75,11),(900,75,12),(901,76,1),(902,76,2),(903,76,3),(904,76,4),(905,76,5),(906,76,6),(907,76,7),(908,76,8),(909,76,9),(910,76,10),(911,76,11),(912,76,12),(913,77,1),(914,77,2),(915,77,3),(916,77,4),(917,77,5),(918,77,6),(919,77,7),(920,77,8),(921,77,9),(922,77,10),(923,77,11),(924,77,12),(925,78,1),(926,78,2),(927,78,3),(928,78,4),(929,78,5),(930,78,6),(931,78,7),(932,78,8),(933,78,9),(934,78,10),(935,78,11),(936,78,12),(937,79,1),(938,79,2),(939,79,3),(940,79,4),(941,79,5),(942,79,6),(943,79,7),(944,79,8),(945,79,9),(946,79,10),(947,79,11),(948,79,12),(949,80,1),(950,80,2),(951,80,3),(952,80,4),(953,80,5),(954,80,6),(955,80,7),(956,80,8),(957,80,9),(958,80,10),(959,80,11),(960,80,12),(961,81,1),(962,81,2),(963,81,3),(964,81,4),(965,81,5),(966,81,6),(967,81,7),(968,81,8),(969,81,9),(970,81,10),(971,81,11),(972,81,12),(973,82,1),(974,82,2),(975,82,3),(976,82,4),(977,82,5),(978,82,6),(979,82,7),(980,82,8),(981,82,9),(982,82,10),(983,82,11),(984,82,12),(985,83,1),(986,83,2),(987,83,3),(988,83,4),(989,83,5),(990,83,6),(991,83,7),(992,83,8),(993,83,9),(994,83,10),(995,83,11),(996,83,12),(997,84,1),(998,84,2),(999,84,3),(1000,84,4),(1001,84,5),(1002,84,6),(1003,84,7),(1004,84,8),(1005,84,9),(1006,84,10),(1007,84,11),(1008,84,12),(1009,85,1),(1010,85,2),(1011,85,3),(1012,85,4),(1013,85,5),(1014,85,6),(1015,85,7),(1016,85,8),(1017,85,9),(1018,85,10),(1019,85,11),(1020,85,12),(1021,86,1),(1022,86,2),(1023,86,3),(1024,86,4),(1025,86,5),(1026,86,6),(1027,86,7),(1028,86,8),(1029,86,9),(1030,86,10),(1031,86,11),(1032,86,12),(1033,87,1),(1034,87,2),(1035,87,3),(1036,87,4),(1037,87,5),(1038,87,6),(1039,87,7),(1040,87,8),(1041,87,9),(1042,87,10),(1043,87,11),(1044,87,12),(1045,88,1),(1046,88,2),(1047,88,3),(1048,88,4),(1049,88,5),(1050,88,6),(1051,88,7),(1052,88,8),(1053,88,9),(1054,88,10),(1055,88,11),(1056,88,12),(1057,89,1),(1058,89,2),(1059,89,3),(1060,89,4),(1061,89,5),(1062,89,6),(1063,89,7),(1064,89,8),(1065,89,9),(1066,89,10),(1067,89,11),(1068,89,12),(1069,90,1),(1070,90,2),(1071,90,3),(1072,90,4),(1073,90,5),(1074,90,6),(1075,90,7),(1076,90,8),(1077,90,9),(1078,90,10),(1079,90,11),(1080,90,12),(1081,91,1),(1082,91,2),(1083,91,3),(1084,91,4),(1085,91,5),(1086,91,6),(1087,91,7),(1088,91,8),(1089,91,9),(1090,91,10),(1091,91,11),(1092,91,12),(1093,92,1),(1094,92,2),(1095,92,3),(1096,92,4),(1097,92,5),(1098,92,6),(1099,92,7),(1100,92,8),(1101,92,9),(1102,92,10),(1103,92,11),(1104,92,12),(1105,93,1),(1106,93,2),(1107,93,3),(1108,93,4),(1109,93,5),(1110,93,6),(1111,93,7),(1112,93,8),(1113,93,9),(1114,93,10),(1115,93,11),(1116,93,12),(1117,94,1),(1118,94,2),(1119,94,3),(1120,94,4),(1121,94,5),(1122,94,6),(1123,94,7),(1124,94,8),(1125,94,9),(1126,94,10),(1127,94,11),(1128,94,12),(1129,95,1),(1130,95,2),(1131,95,3),(1132,95,4),(1133,95,5),(1134,95,6),(1135,95,7),(1136,95,8),(1137,95,9),(1138,95,10),(1139,95,11),(1140,95,12),(1141,96,1),(1142,96,2),(1143,96,3),(1144,96,4),(1145,96,5),(1146,96,6),(1147,96,7),(1148,96,8),(1149,96,9),(1150,96,10),(1151,96,11),(1152,96,12),(1153,97,1),(1154,97,2),(1155,97,3),(1156,97,4),(1157,97,5),(1158,97,6),(1159,97,7),(1160,97,8),(1161,97,9),(1162,97,10),(1163,97,11),(1164,97,12),(1165,98,1),(1166,98,2),(1167,98,3),(1168,98,4),(1169,98,5),(1170,98,6),(1171,98,7),(1172,98,8),(1173,98,9),(1174,98,10),(1175,98,11),(1176,98,12),(1177,99,1),(1178,99,2),(1179,99,3),(1180,99,4),(1181,99,5),(1182,99,6),(1183,99,7),(1184,99,8),(1185,99,9),(1186,99,10),(1187,99,11),(1188,99,12),(1189,100,1),(1190,100,2),(1191,100,3),(1192,100,4),(1193,100,5),(1194,100,6),(1195,100,7),(1196,100,8),(1197,100,9),(1198,100,10),(1199,100,11),(1200,100,12),(1201,101,1),(1202,101,2),(1203,101,3),(1204,101,4),(1205,101,5),(1206,101,6),(1207,101,7),(1208,101,8),(1209,101,9),(1210,101,10),(1211,101,11),(1212,101,12),(1213,102,1),(1214,102,2),(1215,102,3),(1216,102,4),(1217,102,5),(1218,102,6),(1219,102,7),(1220,102,8),(1221,102,9),(1222,102,10),(1223,102,11),(1224,102,12),(1225,103,1),(1226,103,2),(1227,103,3),(1228,103,4),(1229,103,5),(1230,103,6),(1231,103,7),(1232,103,8),(1233,103,9),(1234,103,10),(1235,103,11),(1236,103,12),(1237,104,1),(1238,104,2),(1239,104,3),(1240,104,4),(1241,104,5),(1242,104,6),(1243,104,7),(1244,104,8),(1245,104,9),(1246,104,10),(1247,104,11),(1248,104,12),(1249,105,1),(1250,105,2),(1251,105,3),(1252,105,4),(1253,105,5),(1254,105,6),(1255,105,7),(1256,105,8),(1257,105,9),(1258,105,10),(1259,105,11),(1260,105,12),(1261,106,1),(1262,106,2),(1263,106,3),(1264,106,4),(1265,106,5),(1266,106,6),(1267,106,7),(1268,106,8),(1269,106,9),(1270,106,10),(1271,106,11),(1272,106,12),(1273,107,1),(1274,107,2),(1275,107,3),(1276,107,4),(1277,107,5),(1278,107,6),(1279,107,7),(1280,107,8),(1281,107,9),(1282,107,10),(1283,107,11),(1284,107,12),(1285,108,1),(1286,108,2),(1287,108,3),(1288,108,4),(1289,108,5),(1290,108,6),(1291,108,7),(1292,108,8),(1293,108,9),(1294,108,10),(1295,108,11),(1296,108,12),(1297,109,1),(1298,109,2),(1299,109,3),(1300,109,4),(1301,109,5),(1302,109,6),(1303,109,7),(1304,109,8),(1305,109,9),(1306,109,10),(1307,109,11),(1308,109,12),(1309,110,1),(1310,110,2),(1311,110,3),(1312,110,4),(1313,110,5),(1314,110,6),(1315,110,7),(1316,110,8),(1317,110,9),(1318,110,10),(1319,110,11),(1320,110,12),(1321,111,1),(1322,111,2),(1323,111,3),(1324,111,4),(1325,111,5),(1326,111,6),(1327,111,7),(1328,111,8),(1329,111,9),(1330,111,10),(1331,111,11),(1332,111,12),(1333,112,1),(1334,112,2),(1335,112,3),(1336,112,4),(1337,112,5),(1338,112,6),(1339,112,7),(1340,112,8),(1341,112,9),(1342,112,10),(1343,112,11),(1344,112,12),(1345,113,1),(1346,113,2),(1347,113,3),(1348,113,4),(1349,113,5),(1350,113,6),(1351,113,7),(1352,113,8),(1353,113,9),(1354,113,10),(1355,113,11),(1356,113,12),(1357,114,1),(1358,114,2),(1359,114,3),(1360,114,4),(1361,114,5),(1362,114,6),(1363,114,7),(1364,114,8),(1365,114,9),(1366,114,10),(1367,114,11),(1368,114,12),(1369,115,1),(1370,115,2),(1371,115,3),(1372,115,4),(1373,115,5),(1374,115,6),(1375,115,7),(1376,115,8),(1377,115,9),(1378,115,10),(1379,115,11),(1380,115,12),(1381,116,1),(1382,116,2),(1383,116,3),(1384,116,4),(1385,116,5),(1386,116,6),(1387,116,7),(1388,116,8),(1389,116,9),(1390,116,10),(1391,116,11),(1392,116,12),(1393,117,1),(1394,117,2),(1395,117,3),(1396,117,4),(1397,117,5),(1398,117,6),(1399,117,7),(1400,117,8),(1401,117,9),(1402,117,10),(1403,117,11),(1404,117,12),(1405,118,1),(1406,118,2),(1407,118,3),(1408,118,4),(1409,118,5),(1410,118,6),(1411,118,7),(1412,118,8),(1413,118,9),(1414,118,10),(1415,118,11),(1416,118,12),(1417,119,1),(1418,119,2),(1419,119,3),(1420,119,4),(1421,119,5),(1422,119,6),(1423,119,7),(1424,119,8),(1425,119,9),(1426,119,10),(1427,119,11),(1428,119,12),(1429,120,1),(1430,120,2),(1431,120,3),(1432,120,4),(1433,120,5),(1434,120,6),(1435,120,7),(1436,120,8),(1437,120,9),(1438,120,10),(1439,120,11),(1440,120,12),(1441,121,1),(1442,121,2),(1443,121,3),(1444,121,4),(1445,121,5),(1446,121,6),(1447,121,7),(1448,121,8),(1449,121,9),(1450,121,10),(1451,121,11),(1452,121,12),(1453,122,1),(1454,122,2),(1455,122,3),(1456,122,4),(1457,122,5),(1458,122,6),(1459,122,7),(1460,122,8),(1461,122,9),(1462,122,10),(1463,122,11),(1464,122,12),(1465,123,1),(1466,123,2),(1467,123,3),(1468,123,4),(1469,123,5),(1470,123,6),(1471,123,7),(1472,123,8),(1473,123,9),(1474,123,10),(1475,123,11),(1476,123,12),(1477,124,1),(1478,124,2),(1479,124,3),(1480,124,4),(1481,124,5),(1482,124,6),(1483,124,7),(1484,124,8),(1485,124,9),(1486,124,10),(1487,124,11),(1488,124,12),(1489,125,1),(1490,125,2),(1491,125,3),(1492,125,4),(1493,125,5),(1494,125,6),(1495,125,7),(1496,125,8),(1497,125,9),(1498,125,10),(1499,125,11),(1500,125,12),(1501,126,1),(1502,126,2),(1503,126,3),(1504,126,4),(1505,126,5),(1506,126,6),(1507,126,7),(1508,126,8),(1509,126,9),(1510,126,10),(1511,126,11),(1512,126,12),(1513,127,1),(1514,127,2),(1515,127,3),(1516,127,4),(1517,127,5),(1518,127,6),(1519,127,7),(1520,127,8),(1521,127,9),(1522,127,10),(1523,127,11),(1524,127,12),(1525,128,1),(1526,128,2),(1527,128,3),(1528,128,4),(1529,128,5),(1530,128,6),(1531,128,7),(1532,128,8),(1533,128,9),(1534,128,10),(1535,128,11),(1536,128,12),(1537,129,1),(1538,129,2),(1539,129,3),(1540,129,4),(1541,129,5),(1542,129,6),(1543,129,7),(1544,129,8),(1545,129,9),(1546,129,10),(1547,129,11),(1548,129,12),(1549,130,1),(1550,130,2),(1551,130,3),(1552,130,4),(1553,130,5),(1554,130,6),(1555,130,7),(1556,130,8),(1557,130,9),(1558,130,10),(1559,130,11),(1560,130,12),(1561,131,1),(1562,131,2),(1563,131,3),(1564,131,4),(1565,131,5),(1566,131,6),(1567,131,7),(1568,131,8),(1569,131,9),(1570,131,10),(1571,131,11),(1572,131,12),(1573,132,1),(1574,132,2),(1575,132,3),(1576,132,4),(1577,132,5),(1578,132,6),(1579,132,7),(1580,132,8),(1581,132,9),(1582,132,10),(1583,132,11),(1584,132,12),(1585,133,1),(1586,133,2),(1587,133,3),(1588,133,4),(1589,133,5),(1590,133,6),(1591,133,7),(1592,133,8),(1593,133,9),(1594,133,10),(1595,133,11),(1596,133,12),(1597,134,1),(1598,134,2),(1599,134,3),(1600,134,4),(1601,134,5),(1602,134,6),(1603,134,7),(1604,134,8),(1605,134,9),(1606,134,10),(1607,134,11),(1608,134,12),(1609,135,1),(1610,135,2),(1611,135,3),(1612,135,4),(1613,135,5),(1614,135,6),(1615,135,7),(1616,135,8),(1617,135,9),(1618,135,10),(1619,135,11),(1620,135,12),(1621,136,1),(1622,136,2),(1623,136,3),(1624,136,4),(1625,136,5),(1626,136,6),(1627,136,7),(1628,136,8),(1629,136,9),(1630,136,10),(1631,136,11),(1632,136,12),(1633,137,1),(1634,137,2),(1635,137,3),(1636,137,4),(1637,137,5),(1638,137,6),(1639,137,7),(1640,137,8),(1641,137,9),(1642,137,10),(1643,137,11),(1644,137,12),(1645,138,1),(1646,138,2),(1647,138,3),(1648,138,4),(1649,138,5),(1650,138,6),(1651,138,7),(1652,138,8),(1653,138,9),(1654,138,10),(1655,138,11),(1656,138,12),(1657,139,1),(1658,139,2),(1659,139,3),(1660,139,4),(1661,139,5),(1662,139,6),(1663,139,7),(1664,139,8),(1665,139,9),(1666,139,10),(1667,139,11),(1668,139,12),(1669,140,1),(1670,140,2),(1671,140,3),(1672,140,4),(1673,140,5),(1674,140,6),(1675,140,7),(1676,140,8),(1677,140,9),(1678,140,10),(1679,140,11),(1680,140,12),(1681,141,1),(1682,141,2),(1683,141,3),(1684,141,4),(1685,141,5),(1686,141,6),(1687,141,7),(1688,141,8),(1689,141,9),(1690,141,10),(1691,141,11),(1692,141,12),(1693,142,1),(1694,142,2),(1695,142,3),(1696,142,4),(1697,142,5),(1698,142,6),(1699,142,7),(1700,142,8),(1701,142,9),(1702,142,10),(1703,142,11),(1704,142,12),(1705,143,1),(1706,143,2),(1707,143,3),(1708,143,4),(1709,143,5),(1710,143,6),(1711,143,7),(1712,143,8),(1713,143,9),(1714,143,10),(1715,143,11),(1716,143,12),(1717,144,1),(1718,144,2),(1719,144,3),(1720,144,4),(1721,144,5),(1722,144,6),(1723,144,7),(1724,144,8),(1725,144,9),(1726,144,10),(1727,144,11),(1728,144,12),(1729,145,1),(1730,145,2),(1731,145,3),(1732,145,4),(1733,145,5),(1734,145,6),(1735,145,7),(1736,145,8),(1737,145,9),(1738,145,10),(1739,145,11),(1740,145,12),(1741,146,1),(1742,146,2),(1743,146,3),(1744,146,4),(1745,146,5),(1746,146,6),(1747,146,7),(1748,146,8),(1749,146,9),(1750,146,10),(1751,146,11),(1752,146,12),(1753,147,1),(1754,147,2),(1755,147,3),(1756,147,4),(1757,147,5),(1758,147,6),(1759,147,7),(1760,147,8),(1761,147,9),(1762,147,10),(1763,147,11),(1764,147,12),(1765,148,1),(1766,148,2),(1767,148,3),(1768,148,4),(1769,148,5),(1770,148,6),(1771,148,7),(1772,148,8),(1773,148,9),(1774,148,10),(1775,148,11),(1776,148,12),(1777,149,1),(1778,149,2),(1779,149,3),(1780,149,4),(1781,149,5),(1782,149,6),(1783,149,7),(1784,149,8),(1785,149,9),(1786,149,10),(1787,149,11),(1788,149,12),(1789,150,1),(1790,150,2),(1791,150,3),(1792,150,4),(1793,150,5),(1794,150,6),(1795,150,7),(1796,150,8),(1797,150,9),(1798,150,10),(1799,150,11),(1800,150,12),(1801,151,1),(1802,151,2),(1803,151,3),(1804,151,4),(1805,151,5),(1806,151,6),(1807,151,7),(1808,151,8),(1809,151,9),(1810,151,10),(1811,151,11),(1812,151,12),(1813,152,1),(1814,152,2),(1815,152,3),(1816,152,4),(1817,152,5),(1818,152,6),(1819,152,7),(1820,152,8),(1821,152,9),(1822,152,10),(1823,152,11),(1824,152,12),(1825,153,1),(1826,153,2),(1827,153,3),(1828,153,4),(1829,153,5),(1830,153,6),(1831,153,7),(1832,153,8),(1833,153,9),(1834,153,10),(1835,153,11),(1836,153,12),(1837,154,1),(1838,154,2),(1839,154,3),(1840,154,4),(1841,154,5),(1842,154,6),(1843,154,7),(1844,154,8),(1845,154,9),(1846,154,10),(1847,154,11),(1848,154,12),(1849,155,1),(1850,155,2),(1851,155,3),(1852,155,4),(1853,155,5),(1854,155,6),(1855,155,7),(1856,155,8),(1857,155,9),(1858,155,10),(1859,155,11),(1860,155,12),(1861,156,1),(1862,156,2),(1863,156,3),(1864,156,4),(1865,156,5),(1866,156,6),(1867,156,7),(1868,156,8),(1869,156,9),(1870,156,10),(1871,156,11),(1872,156,12),(1873,157,1),(1874,157,2),(1875,157,3),(1876,157,4),(1877,157,5),(1878,157,6),(1879,157,7),(1880,157,8),(1881,157,9),(1882,157,10),(1883,157,11),(1884,157,12),(1885,158,1),(1886,158,2),(1887,158,3),(1888,158,4),(1889,158,5),(1890,158,6),(1891,158,7),(1892,158,8),(1893,158,9),(1894,158,10),(1895,158,11),(1896,158,12),(1897,159,1),(1898,159,2),(1899,159,3),(1900,159,4),(1901,159,5),(1902,159,6),(1903,159,7),(1904,159,8),(1905,159,9),(1906,159,10),(1907,159,11),(1908,159,12),(1909,160,1),(1910,160,2),(1911,160,3),(1912,160,4),(1913,160,5),(1914,160,6),(1915,160,7),(1916,160,8),(1917,160,9),(1918,160,10),(1919,160,11),(1920,160,12),(1921,161,1),(1922,161,2),(1923,161,3),(1924,161,4),(1925,161,5),(1926,161,6),(1927,161,7),(1928,161,8),(1929,161,9),(1930,161,10),(1931,161,11),(1932,161,12),(1933,162,1),(1934,162,2),(1935,162,3),(1936,162,4),(1937,162,5),(1938,162,6),(1939,162,7),(1940,162,8),(1941,162,9),(1942,162,10),(1943,162,11),(1944,162,12),(1945,163,1),(1946,163,2),(1947,163,3),(1948,163,4),(1949,163,5),(1950,163,6),(1951,163,7),(1952,163,8),(1953,163,9),(1954,163,10),(1955,163,11),(1956,163,12),(1957,164,1),(1958,164,2),(1959,164,3),(1960,164,4),(1961,164,5),(1962,164,6),(1963,164,7),(1964,164,8),(1965,164,9),(1966,164,10),(1967,164,11),(1968,164,12),(1969,165,1),(1970,165,2),(1971,165,3),(1972,165,4),(1973,165,5),(1974,165,6),(1975,165,7),(1976,165,8),(1977,165,9),(1978,165,10),(1979,165,11),(1980,165,12),(1981,166,1),(1982,166,2),(1983,166,3),(1984,166,4),(1985,166,5),(1986,166,6),(1987,166,7),(1988,166,8),(1989,166,9),(1990,166,10),(1991,166,11),(1992,166,12),(1993,167,1),(1994,167,2),(1995,167,3),(1996,167,4),(1997,167,5),(1998,167,6),(1999,167,7),(2000,167,8),(2001,167,9),(2002,167,10),(2003,167,11),(2004,167,12),(2005,168,1),(2006,168,2),(2007,168,3),(2008,168,4),(2009,168,5),(2010,168,6),(2011,168,7),(2012,168,8),(2013,168,9),(2014,168,10),(2015,168,11),(2016,168,12),(2017,169,1),(2018,169,2),(2019,169,3),(2020,169,4),(2021,169,5),(2022,169,6),(2023,169,7),(2024,169,8),(2025,169,9),(2026,169,10),(2027,169,11),(2028,169,12),(2029,170,1),(2030,170,2),(2031,170,3),(2032,170,4),(2033,170,5),(2034,170,6),(2035,170,7),(2036,170,8),(2037,170,9),(2038,170,10),(2039,170,11),(2040,170,12),(2041,171,1),(2042,171,2),(2043,171,3),(2044,171,4),(2045,171,5),(2046,171,6),(2047,171,7),(2048,171,8),(2049,171,9),(2050,171,10),(2051,171,11),(2052,171,12),(2053,172,1),(2054,172,2),(2055,172,3),(2056,172,4),(2057,172,5),(2058,172,6),(2059,172,7),(2060,172,8),(2061,172,9),(2062,172,10),(2063,172,11),(2064,172,12),(2065,173,1),(2066,173,2),(2067,173,3),(2068,173,4),(2069,173,5),(2070,173,6),(2071,173,7),(2072,173,8),(2073,173,9),(2074,173,10),(2075,173,11),(2076,173,12),(2077,174,1),(2078,174,2),(2079,174,3),(2080,174,4),(2081,174,5),(2082,174,6),(2083,174,7),(2084,174,8),(2085,174,9),(2086,174,10),(2087,174,11),(2088,174,12),(2089,175,1),(2090,175,2),(2091,175,3),(2092,175,4),(2093,175,5),(2094,175,6),(2095,175,7),(2096,175,8),(2097,175,9),(2098,175,10),(2099,175,11),(2100,175,12),(2101,176,1),(2102,176,2),(2103,176,3),(2104,176,4),(2105,176,5),(2106,176,6),(2107,176,7),(2108,176,8),(2109,176,9),(2110,176,10),(2111,176,11),(2112,176,12),(2113,177,1),(2114,177,2),(2115,177,3),(2116,177,4),(2117,177,5),(2118,177,6),(2119,177,7),(2120,177,8),(2121,177,9),(2122,177,10),(2123,177,11),(2124,177,12),(2125,178,1),(2126,178,2),(2127,178,3),(2128,178,4),(2129,178,5),(2130,178,6),(2131,178,7),(2132,178,8),(2133,178,9),(2134,178,10),(2135,178,11),(2136,178,12),(2137,179,1),(2138,179,2),(2139,179,3),(2140,179,4),(2141,179,5),(2142,179,6),(2143,179,7),(2144,179,8),(2145,179,9),(2146,179,10),(2147,179,11),(2148,179,12),(2149,180,1),(2150,180,2),(2151,180,3),(2152,180,4),(2153,180,5),(2154,180,6),(2155,180,7),(2156,180,8),(2157,180,9),(2158,180,10),(2159,180,11),(2160,180,12),(2161,181,1),(2162,181,2),(2163,181,3),(2164,181,4),(2165,181,5),(2166,181,6),(2167,181,7),(2168,181,8),(2169,181,9),(2170,181,10),(2171,181,11),(2172,181,12),(2173,182,1),(2174,182,2),(2175,182,3),(2176,182,4),(2177,182,5),(2178,182,6),(2179,182,7),(2180,182,8),(2181,182,9),(2182,182,10),(2183,182,11),(2184,182,12),(2185,183,1),(2186,183,2),(2187,183,3),(2188,183,4),(2189,183,5),(2190,183,6),(2191,183,7),(2192,183,8),(2193,183,9),(2194,183,10),(2195,183,11),(2196,183,12),(2197,184,1),(2198,184,2),(2199,184,3),(2200,184,4),(2201,184,5),(2202,184,6),(2203,184,7),(2204,184,8),(2205,184,9),(2206,184,10),(2207,184,11),(2208,184,12),(2209,185,1),(2210,185,2),(2211,185,3),(2212,185,4),(2213,185,5),(2214,185,6),(2215,185,7),(2216,185,8),(2217,185,9),(2218,185,10),(2219,185,11),(2220,185,12),(2221,186,1),(2222,186,2),(2223,186,3),(2224,186,4),(2225,186,5),(2226,186,6),(2227,186,7),(2228,186,8),(2229,186,9),(2230,186,10),(2231,186,11),(2232,186,12),(2233,187,1),(2234,187,2),(2235,187,3),(2236,187,4),(2237,187,5),(2238,187,6),(2239,187,7),(2240,187,8),(2241,187,9),(2242,187,10),(2243,187,11),(2244,187,12),(2245,188,1),(2246,188,2),(2247,188,3),(2248,188,4),(2249,188,5),(2250,188,6),(2251,188,7),(2252,188,8),(2253,188,9),(2254,188,10),(2255,188,11),(2256,188,12),(2257,189,1),(2258,189,2),(2259,189,3),(2260,189,4),(2261,189,5),(2262,189,6),(2263,189,7),(2264,189,8),(2265,189,9),(2266,189,10),(2267,189,11),(2268,189,12),(2269,190,1),(2270,190,2),(2271,190,3),(2272,190,4),(2273,190,5),(2274,190,6),(2275,190,7),(2276,190,8),(2277,190,9),(2278,190,10),(2279,190,11),(2280,190,12),(2281,191,1),(2282,191,2),(2283,191,3),(2284,191,4),(2285,191,5),(2286,191,6),(2287,191,7),(2288,191,8),(2289,191,9),(2290,191,10),(2291,191,11),(2292,191,12),(2293,192,1),(2294,192,2),(2295,192,3),(2296,192,4),(2297,192,5),(2298,192,6),(2299,192,7),(2300,192,8),(2301,192,9),(2302,192,10),(2303,192,11),(2304,192,12),(2305,193,1),(2306,193,2),(2307,193,3),(2308,193,4),(2309,193,5),(2310,193,6),(2311,193,7),(2312,193,8),(2313,193,9),(2314,193,10),(2315,193,11),(2316,193,12),(2317,194,1),(2318,194,2),(2319,194,3),(2320,194,4),(2321,194,5),(2322,194,6),(2323,194,7),(2324,194,8),(2325,194,9),(2326,194,10),(2327,194,11),(2328,194,12),(2329,195,1),(2330,195,2),(2331,195,3),(2332,195,4),(2333,195,5),(2334,195,6),(2335,195,7),(2336,195,8),(2337,195,9),(2338,195,10),(2339,195,11),(2340,195,12),(2341,196,1),(2342,196,2),(2343,196,3),(2344,196,4),(2345,196,5),(2346,196,6),(2347,196,7),(2348,196,8),(2349,196,9),(2350,196,10),(2351,196,11),(2352,196,12),(2353,197,1),(2354,197,2),(2355,197,3),(2356,197,4),(2357,197,5),(2358,197,6),(2359,197,7),(2360,197,8),(2361,197,9),(2362,197,10),(2363,197,11),(2364,197,12),(2365,198,1),(2366,198,2),(2367,198,3),(2368,198,4),(2369,198,5),(2370,198,6),(2371,198,7),(2372,198,8),(2373,198,9),(2374,198,10),(2375,198,11),(2376,198,12),(2377,199,1),(2378,199,2),(2379,199,3),(2380,199,4),(2381,199,5),(2382,199,6),(2383,199,7),(2384,199,8),(2385,199,9),(2386,199,10),(2387,199,11),(2388,199,12),(2389,200,1),(2390,200,2),(2391,200,3),(2392,200,4),(2393,200,5),(2394,200,6),(2395,200,7),(2396,200,8),(2397,200,9),(2398,200,10),(2399,200,11),(2400,200,12),(2401,201,1),(2402,201,2),(2403,201,3),(2404,201,4),(2405,201,5),(2406,201,6),(2407,201,7),(2408,201,8),(2409,201,9),(2410,201,10),(2411,201,11),(2412,201,12),(2413,202,1),(2414,202,2),(2415,202,3),(2416,202,4),(2417,202,5),(2418,202,6),(2419,202,7),(2420,202,8),(2421,202,9),(2422,202,10),(2423,202,11),(2424,202,12),(2425,203,1),(2426,203,2),(2427,203,3),(2428,203,4),(2429,203,5),(2430,203,6),(2431,203,7),(2432,203,8),(2433,203,9),(2434,203,10),(2435,203,11),(2436,203,12),(2437,204,1),(2438,204,2),(2439,204,3),(2440,204,4),(2441,204,5),(2442,204,6),(2443,204,7),(2444,204,8),(2445,204,9),(2446,204,10),(2447,204,11),(2448,204,12),(2449,205,1),(2450,205,2),(2451,205,3),(2452,205,4),(2453,205,5),(2454,205,6),(2455,205,7),(2456,205,8),(2457,205,9),(2458,205,10),(2459,205,11),(2460,205,12),(2461,206,1),(2462,206,2),(2463,206,3),(2464,206,4),(2465,206,5),(2466,206,6),(2467,206,7),(2468,206,8),(2469,206,9),(2470,206,10),(2471,206,11),(2472,206,12),(2473,207,1),(2474,207,2),(2475,207,3),(2476,207,4),(2477,207,5),(2478,207,6),(2479,207,7),(2480,207,8),(2481,207,9),(2482,207,10),(2483,207,11),(2484,207,12),(2485,208,1),(2486,208,2),(2487,208,3),(2488,208,4),(2489,208,5),(2490,208,6),(2491,208,7),(2492,208,8),(2493,208,9),(2494,208,10),(2495,208,11),(2496,208,12),(2497,209,1),(2498,209,2),(2499,209,3),(2500,209,4),(2501,209,5),(2502,209,6),(2503,209,7),(2504,209,8),(2505,209,9),(2506,209,10),(2507,209,11),(2508,209,12),(2509,210,1),(2510,210,2),(2511,210,3),(2512,210,4),(2513,210,5),(2514,210,6),(2515,210,7),(2516,210,8),(2517,210,9),(2518,210,10),(2519,210,11),(2520,210,12),(2521,211,1),(2522,211,2),(2523,211,3),(2524,211,4),(2525,211,5),(2526,211,6),(2527,211,7),(2528,211,8),(2529,211,9),(2530,211,10),(2531,211,11),(2532,211,12),(2533,212,1),(2534,212,2),(2535,212,3),(2536,212,4),(2537,212,5),(2538,212,6),(2539,212,7),(2540,212,8),(2541,212,9),(2542,212,10),(2543,212,11),(2544,212,12),(2545,213,1),(2546,213,2),(2547,213,3),(2548,213,4),(2549,213,5),(2550,213,6),(2551,213,7),(2552,213,8),(2553,213,9),(2554,213,10),(2555,213,11),(2556,213,12),(2557,214,1),(2558,214,2),(2559,214,3),(2560,214,4),(2561,214,5),(2562,214,6),(2563,214,7),(2564,214,8),(2565,214,9),(2566,214,10),(2567,214,11),(2568,214,12),(2569,215,1),(2570,215,2),(2571,215,3),(2572,215,4),(2573,215,5),(2574,215,6),(2575,215,7),(2576,215,8),(2577,215,9),(2578,215,10),(2579,215,11),(2580,215,12),(2581,216,1),(2582,216,2),(2583,216,3),(2584,216,4),(2585,216,5),(2586,216,6),(2587,216,7),(2588,216,8),(2589,216,9),(2590,216,10),(2591,216,11),(2592,216,12),(2593,217,1),(2594,217,2),(2595,217,3),(2596,217,4),(2597,217,5),(2598,217,6),(2599,217,7),(2600,217,8),(2601,217,9),(2602,217,10),(2603,217,11),(2604,217,12),(2605,218,1),(2606,218,2),(2607,218,3),(2608,218,4),(2609,218,5),(2610,218,6),(2611,218,7),(2612,218,8),(2613,218,9),(2614,218,10),(2615,218,11),(2616,218,12),(2617,219,1),(2618,219,2),(2619,219,3),(2620,219,4),(2621,219,5),(2622,219,6),(2623,219,7),(2624,219,8),(2625,219,9),(2626,219,10),(2627,219,11),(2628,219,12),(2629,220,1),(2630,220,2),(2631,220,3),(2632,220,4),(2633,220,5),(2634,220,6),(2635,220,7),(2636,220,8),(2637,220,9),(2638,220,10),(2639,220,11),(2640,220,12),(2641,221,1),(2642,221,2),(2643,221,3),(2644,221,4),(2645,221,5),(2646,221,6),(2647,221,7),(2648,221,8),(2649,221,9),(2650,221,10),(2651,221,11),(2652,221,12),(2653,222,1),(2654,222,2),(2655,222,3),(2656,222,4),(2657,222,5),(2658,222,6),(2659,222,7),(2660,222,8),(2661,222,9),(2662,222,10),(2663,222,11),(2664,222,12),(2665,223,1),(2666,223,2),(2667,223,3),(2668,223,4),(2669,223,5),(2670,223,6),(2671,223,7),(2672,223,8),(2673,223,9),(2674,223,10),(2675,223,11),(2676,223,12),(2677,224,1),(2678,224,2),(2679,224,3),(2680,224,4),(2681,224,5),(2682,224,6),(2683,224,7),(2684,224,8),(2685,224,9),(2686,224,10),(2687,224,11),(2688,224,12),(2689,225,1),(2690,225,2),(2691,225,3),(2692,225,4),(2693,225,5),(2694,225,6),(2695,225,7),(2696,225,8),(2697,225,9),(2698,225,10),(2699,225,11),(2700,225,12),(2701,226,1),(2702,226,2),(2703,226,3),(2704,226,4),(2705,226,5),(2706,226,6),(2707,226,7),(2708,226,8),(2709,226,9),(2710,226,10),(2711,226,11),(2712,226,12),(2713,227,1),(2714,227,2),(2715,227,3),(2716,227,4),(2717,227,5),(2718,227,6),(2719,227,7),(2720,227,8),(2721,227,9),(2722,227,10),(2723,227,11),(2724,227,12),(2725,228,1),(2726,228,2),(2727,228,3),(2728,228,4),(2729,228,5),(2730,228,6),(2731,228,7),(2732,228,8),(2733,228,9),(2734,228,10),(2735,228,11),(2736,228,12),(2737,229,1),(2738,229,2),(2739,229,3),(2740,229,4),(2741,229,5),(2742,229,6),(2743,229,7),(2744,229,8),(2745,229,9),(2746,229,10),(2747,229,11),(2748,229,12),(2749,230,1),(2750,230,2),(2751,230,3),(2752,230,4),(2753,230,5),(2754,230,6),(2755,230,7),(2756,230,8),(2757,230,9),(2758,230,10),(2759,230,11),(2760,230,12),(2761,231,1),(2762,231,2),(2763,231,3),(2764,231,4),(2765,231,5),(2766,231,6),(2767,231,7),(2768,231,8),(2769,231,9),(2770,231,10),(2771,231,11),(2772,231,12),(2773,232,1),(2774,232,2),(2775,232,3),(2776,232,4),(2777,232,5),(2778,232,6),(2779,232,7),(2780,232,8),(2781,232,9),(2782,232,10),(2783,232,11),(2784,232,12),(2785,233,1),(2786,233,2),(2787,233,3),(2788,233,4),(2789,233,5),(2790,233,6),(2791,233,7),(2792,233,8),(2793,233,9),(2794,233,10),(2795,233,11),(2796,233,12),(2797,234,1),(2798,234,2),(2799,234,3),(2800,234,4),(2801,234,5),(2802,234,6),(2803,234,7),(2804,234,8),(2805,234,9),(2806,234,10),(2807,234,11),(2808,234,12),(2809,235,1),(2810,235,2),(2811,235,3),(2812,235,4),(2813,235,5),(2814,235,6),(2815,235,7),(2816,235,8),(2817,235,9),(2818,235,10),(2819,235,11),(2820,235,12),(2821,236,1),(2822,236,2),(2823,236,3),(2824,236,4),(2825,236,5),(2826,236,6),(2827,236,7),(2828,236,8),(2829,236,9),(2830,236,10),(2831,236,11),(2832,236,12),(2833,237,1),(2834,237,2),(2835,237,3),(2836,237,4),(2837,237,5),(2838,237,6),(2839,237,7),(2840,237,8),(2841,237,9),(2842,237,10),(2843,237,11),(2844,237,12),(2845,238,1),(2846,238,2),(2847,238,3),(2848,238,4),(2849,238,5),(2850,238,6),(2851,238,7),(2852,238,8),(2853,238,9),(2854,238,10),(2855,238,11),(2856,238,12),(2857,239,1),(2858,239,2),(2859,239,3),(2860,239,4),(2861,239,5),(2862,239,6),(2863,239,7),(2864,239,8),(2865,239,9),(2866,239,10),(2867,239,11),(2868,239,12),(2869,240,1),(2870,240,2),(2871,240,3),(2872,240,4),(2873,240,5),(2874,240,6),(2875,240,7),(2876,240,8),(2877,240,9),(2878,240,10),(2879,240,11),(2880,240,12),(2881,241,1),(2882,241,2),(2883,241,3),(2884,241,4),(2885,241,5),(2886,241,6),(2887,241,7),(2888,241,8),(2889,241,9),(2890,241,10),(2891,241,11),(2892,241,12),(2893,242,1),(2894,242,2),(2895,242,3),(2896,242,4),(2897,242,5),(2898,242,6),(2899,242,7),(2900,242,8),(2901,242,9),(2902,242,10),(2903,242,11),(2904,242,12),(2905,243,1),(2906,243,2),(2907,243,3),(2908,243,4),(2909,243,5),(2910,243,6),(2911,243,7),(2912,243,8),(2913,243,9),(2914,243,10),(2915,243,11),(2916,243,12),(2917,244,1),(2918,244,2),(2919,244,3),(2920,244,4),(2921,244,5),(2922,244,6),(2923,244,7),(2924,244,8),(2925,244,9),(2926,244,10),(2927,244,11),(2928,244,12),(2929,245,1),(2930,245,2),(2931,245,3),(2932,245,4),(2933,245,5),(2934,245,6),(2935,245,7),(2936,245,8),(2937,245,9),(2938,245,10),(2939,245,11),(2940,245,12),(2941,246,1),(2942,246,2),(2943,246,3),(2944,246,4),(2945,246,5),(2946,246,6),(2947,246,7),(2948,246,8),(2949,246,9),(2950,246,10),(2951,246,11),(2952,246,12),(2953,247,1),(2954,247,2),(2955,247,3),(2956,247,4),(2957,247,5),(2958,247,6),(2959,247,7),(2960,247,8),(2961,247,9),(2962,247,10),(2963,247,11),(2964,247,12),(2965,248,1),(2966,248,2),(2967,248,3),(2968,248,4),(2969,248,5),(2970,248,6),(2971,248,7),(2972,248,8),(2973,248,9),(2974,248,10),(2975,248,11),(2976,248,12),(2977,249,1),(2978,249,2),(2979,249,3),(2980,249,4),(2981,249,5),(2982,249,6),(2983,249,7),(2984,249,8),(2985,249,9),(2986,249,10),(2987,249,11),(2988,249,12),(2989,250,1),(2990,250,2),(2991,250,3),(2992,250,4),(2993,250,5),(2994,250,6),(2995,250,7),(2996,250,8),(2997,250,9),(2998,250,10),(2999,250,11),(3000,250,12),(3001,251,1),(3002,251,2),(3003,251,3),(3004,251,4),(3005,251,5),(3006,251,6),(3007,251,7),(3008,251,8),(3009,251,9),(3010,251,10),(3011,251,11),(3012,251,12),(3013,252,1),(3014,252,2),(3015,252,3),(3016,252,4),(3017,252,5),(3018,252,6),(3019,252,7),(3020,252,8),(3021,252,9),(3022,252,10),(3023,252,11),(3024,252,12),(3025,253,1),(3026,253,2),(3027,253,3),(3028,253,4),(3029,253,5),(3030,253,6),(3031,253,7),(3032,253,8),(3033,253,9),(3034,253,10),(3035,253,11),(3036,253,12),(3037,254,1),(3038,254,2),(3039,254,3),(3040,254,4),(3041,254,5),(3042,254,6),(3043,254,7),(3044,254,8),(3045,254,9),(3046,254,10),(3047,254,11),(3048,254,12),(3049,255,1),(3050,255,2),(3051,255,3),(3052,255,4),(3053,255,5),(3054,255,6),(3055,255,7),(3056,255,8),(3057,255,9),(3058,255,10),(3059,255,11),(3060,255,12),(3061,256,1),(3062,256,2),(3063,256,3),(3064,256,4),(3065,256,5),(3066,256,6),(3067,256,7),(3068,256,8),(3069,256,9),(3070,256,10),(3071,256,11),(3072,256,12),(3073,257,1),(3074,257,2),(3075,257,3),(3076,257,4),(3077,257,5),(3078,257,6),(3079,257,7),(3080,257,8),(3081,257,9),(3082,257,10),(3083,257,11),(3084,257,12),(3085,258,1),(3086,258,2),(3087,258,3),(3088,258,4),(3089,258,5),(3090,258,6),(3091,258,7),(3092,258,8),(3093,258,9),(3094,258,10),(3095,258,11),(3096,258,12),(3097,259,1),(3098,259,2),(3099,259,3),(3100,259,4),(3101,259,5),(3102,259,6),(3103,259,7),(3104,259,8),(3105,259,9),(3106,259,10),(3107,259,11),(3108,259,12),(3109,260,1),(3110,260,2),(3111,260,3),(3112,260,4),(3113,260,5),(3114,260,6),(3115,260,7),(3116,260,8),(3117,260,9),(3118,260,10),(3119,260,11),(3120,260,12),(3121,261,1),(3122,261,2),(3123,261,3),(3124,261,4),(3125,261,5),(3126,261,6),(3127,261,7),(3128,261,8),(3129,261,9),(3130,261,10),(3131,261,11),(3132,261,12),(3133,262,1),(3134,262,2),(3135,262,3),(3136,262,4),(3137,262,5),(3138,262,6),(3139,262,7),(3140,262,8),(3141,262,9),(3142,262,10),(3143,262,11),(3144,262,12),(3145,263,1),(3146,263,2),(3147,263,3),(3148,263,4),(3149,263,5),(3150,263,6),(3151,263,7),(3152,263,8),(3153,263,9),(3154,263,10),(3155,263,11),(3156,263,12),(3157,264,1),(3158,264,2),(3159,264,3),(3160,264,4),(3161,264,5),(3162,264,6),(3163,264,7),(3164,264,8),(3165,264,9),(3166,264,10),(3167,264,11),(3168,264,12),(3169,265,1),(3170,265,2),(3171,265,3),(3172,265,4),(3173,265,5),(3174,265,6),(3175,265,7),(3176,265,8),(3177,265,9),(3178,265,10),(3179,265,11),(3180,265,12),(3181,266,1),(3182,266,2),(3183,266,3),(3184,266,4),(3185,266,5),(3186,266,6),(3187,266,7),(3188,266,8),(3189,266,9),(3190,266,10),(3191,266,11),(3192,266,12),(3193,267,1),(3194,267,2),(3195,267,3),(3196,267,4),(3197,267,5),(3198,267,6),(3199,267,7),(3200,267,8),(3201,267,9),(3202,267,10),(3203,267,11),(3204,267,12),(3205,268,1),(3206,268,2),(3207,268,3),(3208,268,4),(3209,268,5),(3210,268,6),(3211,268,7),(3212,268,8),(3213,268,9),(3214,268,10),(3215,268,11),(3216,268,12),(3217,269,1),(3218,269,2),(3219,269,3),(3220,269,4),(3221,269,5),(3222,269,6),(3223,269,7),(3224,269,8),(3225,269,9),(3226,269,10),(3227,269,11),(3228,269,12),(3229,270,1),(3230,270,2),(3231,270,3),(3232,270,4),(3233,270,5),(3234,270,6),(3235,270,7),(3236,270,8),(3237,270,9),(3238,270,10),(3239,270,11),(3240,270,12),(3241,271,1),(3242,271,2),(3243,271,3),(3244,271,4),(3245,271,5),(3246,271,6),(3247,271,7),(3248,271,8),(3249,271,9),(3250,271,10),(3251,271,11),(3252,271,12),(3253,272,1),(3254,272,2),(3255,272,3),(3256,272,4),(3257,272,5),(3258,272,6),(3259,272,7),(3260,272,8),(3261,272,9),(3262,272,10),(3263,272,11),(3264,272,12),(3265,273,1),(3266,273,2),(3267,273,3),(3268,273,4),(3269,273,5),(3270,273,6),(3271,273,7),(3272,273,8),(3273,273,9),(3274,273,10),(3275,273,11),(3276,273,12),(3277,274,1),(3278,274,2),(3279,274,3),(3280,274,4),(3281,274,5),(3282,274,6),(3283,274,7),(3284,274,8),(3285,274,9),(3286,274,10),(3287,274,11),(3288,274,12),(3289,275,1),(3290,275,2),(3291,275,3),(3292,275,4),(3293,275,5),(3294,275,6),(3295,275,7),(3296,275,8),(3297,275,9),(3298,275,10),(3299,275,11),(3300,275,12),(3301,276,1),(3302,276,2),(3303,276,3),(3304,276,4),(3305,276,5),(3306,276,6),(3307,276,7),(3308,276,8),(3309,276,9),(3310,276,10),(3311,276,11),(3312,276,12),(3313,277,1),(3314,277,2),(3315,277,3),(3316,277,4),(3317,277,5),(3318,277,6),(3319,277,7),(3320,277,8),(3321,277,9),(3322,277,10),(3323,277,11),(3324,277,12),(3325,278,1),(3326,278,2),(3327,278,3),(3328,278,4),(3329,278,5),(3330,278,6),(3331,278,7),(3332,278,8),(3333,278,9),(3334,278,10),(3335,278,11),(3336,278,12),(3337,279,1),(3338,279,2),(3339,279,3),(3340,279,4),(3341,279,5),(3342,279,6),(3343,279,7),(3344,279,8),(3345,279,9),(3346,279,10),(3347,279,11),(3348,279,12),(3349,280,1),(3350,280,2),(3351,280,3),(3352,280,4),(3353,280,5),(3354,280,6),(3355,280,7),(3356,280,8),(3357,280,9),(3358,280,10),(3359,280,11),(3360,280,12),(3361,281,1),(3362,281,2),(3363,281,3),(3364,281,4),(3365,281,5),(3366,281,6),(3367,281,7),(3368,281,8),(3369,281,9),(3370,281,10),(3371,281,11),(3372,281,12),(3373,282,1),(3374,282,2),(3375,282,3),(3376,282,4),(3377,282,5),(3378,282,6),(3379,282,7),(3380,282,8),(3381,282,9),(3382,282,10),(3383,282,11),(3384,282,12),(3385,283,1),(3386,283,2),(3387,283,3),(3388,283,4),(3389,283,5),(3390,283,6),(3391,283,7),(3392,283,8),(3393,283,9),(3394,283,10),(3395,283,11),(3396,283,12),(3397,284,1),(3398,284,2),(3399,284,3),(3400,284,4),(3401,284,5),(3402,284,6),(3403,284,7),(3404,284,8),(3405,284,9),(3406,284,10),(3407,284,11),(3408,284,12),(3409,285,1),(3410,285,2),(3411,285,3),(3412,285,4),(3413,285,5),(3414,285,6),(3415,285,7),(3416,285,8),(3417,285,9),(3418,285,10),(3419,285,11),(3420,285,12),(3421,286,1),(3422,286,2),(3423,286,3),(3424,286,4),(3425,286,5),(3426,286,6),(3427,286,7),(3428,286,8),(3429,286,9),(3430,286,10),(3431,286,11),(3432,286,12),(3433,287,1),(3434,287,2),(3435,287,3),(3436,287,4),(3437,287,5),(3438,287,6),(3439,287,7),(3440,287,8),(3441,287,9),(3442,287,10),(3443,287,11),(3444,287,12),(3445,288,1),(3446,288,2),(3447,288,3),(3448,288,4),(3449,288,5),(3450,288,6),(3451,288,7),(3452,288,8),(3453,288,9),(3454,288,10),(3455,288,11),(3456,288,12),(3457,289,1),(3458,289,2),(3459,289,3),(3460,289,4),(3461,289,5),(3462,289,6),(3463,289,7),(3464,289,8),(3465,289,9),(3466,289,10),(3467,289,11),(3468,289,12),(3469,290,1),(3470,290,2),(3471,290,3),(3472,290,4),(3473,290,5),(3474,290,6),(3475,290,7),(3476,290,8),(3477,290,9),(3478,290,10),(3479,290,11),(3480,290,12),(3481,291,1),(3482,291,2),(3483,291,3),(3484,291,4),(3485,291,5),(3486,291,6),(3487,291,7),(3488,291,8),(3489,291,9),(3490,291,10),(3491,291,11),(3492,291,12),(3493,292,1),(3494,292,2),(3495,292,3),(3496,292,4),(3497,292,5),(3498,292,6),(3499,292,7),(3500,292,8),(3501,292,9),(3502,292,10),(3503,292,11),(3504,292,12),(3505,293,1),(3506,293,2),(3507,293,3),(3508,293,4),(3509,293,5),(3510,293,6),(3511,293,7),(3512,293,8),(3513,293,9),(3514,293,10),(3515,293,11),(3516,293,12),(3517,294,1),(3518,294,2),(3519,294,3),(3520,294,4),(3521,294,5),(3522,294,6),(3523,294,7),(3524,294,8),(3525,294,9),(3526,294,10),(3527,294,11),(3528,294,12),(3529,295,1),(3530,295,2),(3531,295,3),(3532,295,4),(3533,295,5),(3534,295,6),(3535,295,7),(3536,295,8),(3537,295,9),(3538,295,10),(3539,295,11),(3540,295,12),(3541,296,1),(3542,296,2),(3543,296,3),(3544,296,4),(3545,296,5),(3546,296,6),(3547,296,7),(3548,296,8),(3549,296,9),(3550,296,10),(3551,296,11),(3552,296,12),(3553,297,1),(3554,297,2),(3555,297,3),(3556,297,4),(3557,297,5),(3558,297,6),(3559,297,7),(3560,297,8),(3561,297,9),(3562,297,10),(3563,297,11),(3564,297,12),(3565,298,1),(3566,298,2),(3567,298,3),(3568,298,4),(3569,298,5),(3570,298,6),(3571,298,7),(3572,298,8),(3573,298,9),(3574,298,10),(3575,298,11),(3576,298,12),(3577,299,1),(3578,299,2),(3579,299,3),(3580,299,4),(3581,299,5),(3582,299,6),(3583,299,7),(3584,299,8),(3585,299,9),(3586,299,10),(3587,299,11),(3588,299,12),(3589,300,1),(3590,300,2),(3591,300,3),(3592,300,4),(3593,300,5),(3594,300,6),(3595,300,7),(3596,300,8),(3597,300,9),(3598,300,10),(3599,300,11),(3600,300,12),(3601,301,1),(3602,301,2),(3603,301,3),(3604,301,4),(3605,301,5),(3606,301,6),(3607,301,7),(3608,301,8),(3609,301,9),(3610,301,10),(3611,301,11),(3612,301,12),(3613,302,1),(3614,302,2),(3615,302,3),(3616,302,4),(3617,302,5),(3618,302,6),(3619,302,7),(3620,302,8),(3621,302,9),(3622,302,10),(3623,302,11),(3624,302,12),(3625,303,1),(3626,303,2),(3627,303,3),(3628,303,4),(3629,303,5),(3630,303,6),(3631,303,7),(3632,303,8),(3633,303,9),(3634,303,10),(3635,303,11),(3636,303,12),(3637,304,1),(3638,304,2),(3639,304,3),(3640,304,4),(3641,304,5),(3642,304,6),(3643,304,7),(3644,304,8),(3645,304,9),(3646,304,10),(3647,304,11),(3648,304,12),(3649,305,1),(3650,305,2),(3651,305,3),(3652,305,4),(3653,305,5),(3654,305,6),(3655,305,7),(3656,305,8),(3657,305,9),(3658,305,10),(3659,305,11),(3660,305,12),(3661,306,1),(3662,306,2),(3663,306,3),(3664,306,4),(3665,306,5),(3666,306,6),(3667,306,7),(3668,306,8),(3669,306,9),(3670,306,10),(3671,306,11),(3672,306,12),(3673,307,1),(3674,307,2),(3675,307,3),(3676,307,4),(3677,307,5),(3678,307,6),(3679,307,7),(3680,307,8),(3681,307,9),(3682,307,10),(3683,307,11),(3684,307,12),(3685,308,1),(3686,308,2),(3687,308,3),(3688,308,4),(3689,308,5),(3690,308,6),(3691,308,7),(3692,308,8),(3693,308,9),(3694,308,10),(3695,308,11),(3696,308,12),(3697,309,1),(3698,309,2),(3699,309,3),(3700,309,4),(3701,309,5),(3702,309,6),(3703,309,7),(3704,309,8),(3705,309,9),(3706,309,10),(3707,309,11),(3708,309,12),(3709,310,1),(3710,310,2),(3711,310,3),(3712,310,4),(3713,310,5),(3714,310,6),(3715,310,7),(3716,310,8),(3717,310,9),(3718,310,10),(3719,310,11),(3720,310,12),(3721,311,1),(3722,311,2),(3723,311,3),(3724,311,4),(3725,311,5),(3726,311,6),(3727,311,7),(3728,311,8),(3729,311,9),(3730,311,10),(3731,311,11),(3732,311,12),(3733,312,1),(3734,312,2),(3735,312,3),(3736,312,4),(3737,312,5),(3738,312,6),(3739,312,7),(3740,312,8),(3741,312,9),(3742,312,10),(3743,312,11),(3744,312,12),(3745,313,1),(3746,313,2),(3747,313,3),(3748,313,4),(3749,313,5),(3750,313,6),(3751,313,7),(3752,313,8),(3753,313,9),(3754,313,10),(3755,313,11),(3756,313,12),(3757,314,1),(3758,314,2),(3759,314,3),(3760,314,4),(3761,314,5),(3762,314,6),(3763,314,7),(3764,314,8),(3765,314,9),(3766,314,10),(3767,314,11),(3768,314,12),(3769,315,1),(3770,315,2),(3771,315,3),(3772,315,4),(3773,315,5),(3774,315,6),(3775,315,7),(3776,315,8),(3777,315,9),(3778,315,10),(3779,315,11),(3780,315,12),(3781,316,1),(3782,316,2),(3783,316,3),(3784,316,4),(3785,316,5),(3786,316,6),(3787,316,7),(3788,316,8),(3789,316,9),(3790,316,10),(3791,316,11),(3792,316,12),(3793,317,1),(3794,317,2),(3795,317,3),(3796,317,4),(3797,317,5),(3798,317,6),(3799,317,7),(3800,317,8),(3801,317,9),(3802,317,10),(3803,317,11),(3804,317,12),(3805,318,1),(3806,318,2),(3807,318,3),(3808,318,4),(3809,318,5),(3810,318,6),(3811,318,7),(3812,318,8),(3813,318,9),(3814,318,10),(3815,318,11),(3816,318,12),(3817,319,1),(3818,319,2),(3819,319,3),(3820,319,4),(3821,319,5),(3822,319,6),(3823,319,7),(3824,319,8),(3825,319,9),(3826,319,10),(3827,319,11),(3828,319,12),(3829,320,1),(3830,320,2),(3831,320,3),(3832,320,4),(3833,320,5),(3834,320,6),(3835,320,7),(3836,320,8),(3837,320,9),(3838,320,10),(3839,320,11),(3840,320,12),(3841,321,1),(3842,321,2),(3843,321,3),(3844,321,4),(3845,321,5),(3846,321,6),(3847,321,7),(3848,321,8),(3849,321,9),(3850,321,10),(3851,321,11),(3852,321,12),(3853,322,1),(3854,322,2),(3855,322,3),(3856,322,4),(3857,322,5),(3858,322,6),(3859,322,7),(3860,322,8),(3861,322,9),(3862,322,10),(3863,322,11),(3864,322,12),(3865,323,1),(3866,323,2),(3867,323,3),(3868,323,4),(3869,323,5),(3870,323,6),(3871,323,7),(3872,323,8),(3873,323,9),(3874,323,10),(3875,323,11),(3876,323,12),(3877,324,1),(3878,324,2),(3879,324,3),(3880,324,4),(3881,324,5),(3882,324,6),(3883,324,7),(3884,324,8),(3885,324,9),(3886,324,10),(3887,324,11),(3888,324,12),(3889,325,1),(3890,325,2),(3891,325,3),(3892,325,4),(3893,325,5),(3894,325,6),(3895,325,7),(3896,325,8),(3897,325,9),(3898,325,10),(3899,325,11),(3900,325,12),(3901,326,1),(3902,326,2),(3903,326,3),(3904,326,4),(3905,326,5),(3906,326,6),(3907,326,7),(3908,326,8),(3909,326,9),(3910,326,10),(3911,326,11),(3912,326,12),(3913,327,1),(3914,327,2),(3915,327,3),(3916,327,4),(3917,327,5),(3918,327,6),(3919,327,7),(3920,327,8),(3921,327,9),(3922,327,10),(3923,327,11),(3924,327,12),(3925,328,1),(3926,328,2),(3927,328,3),(3928,328,4),(3929,328,5),(3930,328,6),(3931,328,7),(3932,328,8),(3933,328,9),(3934,328,10),(3935,328,11),(3936,328,12),(3937,329,1),(3938,329,2),(3939,329,3),(3940,329,4),(3941,329,5),(3942,329,6),(3943,329,7),(3944,329,8),(3945,329,9),(3946,329,10),(3947,329,11),(3948,329,12),(3949,330,1),(3950,330,2),(3951,330,3),(3952,330,4),(3953,330,5),(3954,330,6),(3955,330,7),(3956,330,8),(3957,330,9),(3958,330,10),(3959,330,11),(3960,330,12),(3961,331,1),(3962,331,2),(3963,331,3),(3964,331,4),(3965,331,5),(3966,331,6),(3967,331,7),(3968,331,8),(3969,331,9),(3970,331,10),(3971,331,11),(3972,331,12),(3973,332,1),(3974,332,2),(3975,332,3),(3976,332,4),(3977,332,5),(3978,332,6),(3979,332,7),(3980,332,8),(3981,332,9),(3982,332,10),(3983,332,11),(3984,332,12),(3985,333,1),(3986,333,2),(3987,333,3),(3988,333,4),(3989,333,5),(3990,333,6),(3991,333,7),(3992,333,8),(3993,333,9),(3994,333,10),(3995,333,11),(3996,333,12),(3997,334,1),(3998,334,2),(3999,334,3),(4000,334,4),(4001,334,5),(4002,334,6),(4003,334,7),(4004,334,8),(4005,334,9),(4006,334,10),(4007,334,11),(4008,334,12),(4009,335,1),(4010,335,2),(4011,335,3),(4012,335,4),(4013,335,5),(4014,335,6),(4015,335,7),(4016,335,8),(4017,335,9),(4018,335,10),(4019,335,11),(4020,335,12),(4021,336,1),(4022,336,2),(4023,336,3),(4024,336,4),(4025,336,5),(4026,336,6),(4027,336,7),(4028,336,8),(4029,336,9),(4030,336,10),(4031,336,11),(4032,336,12),(4033,337,1),(4034,337,2),(4035,337,3),(4036,337,4),(4037,337,5),(4038,337,6),(4039,337,7),(4040,337,8),(4041,337,9),(4042,337,10),(4043,337,11),(4044,337,12),(4045,338,1),(4046,338,2),(4047,338,3),(4048,338,4),(4049,338,5),(4050,338,6),(4051,338,7),(4052,338,8),(4053,338,9),(4054,338,10),(4055,338,11),(4056,338,12),(4057,339,1),(4058,339,2),(4059,339,3),(4060,339,4),(4061,339,5),(4062,339,6),(4063,339,7),(4064,339,8),(4065,339,9),(4066,339,10),(4067,339,11),(4068,339,12),(4069,340,1),(4070,340,2),(4071,340,3),(4072,340,4),(4073,340,5),(4074,340,6),(4075,340,7),(4076,340,8),(4077,340,9),(4078,340,10),(4079,340,11),(4080,340,12),(4081,341,1),(4082,341,2),(4083,341,3),(4084,341,4),(4085,341,5),(4086,341,6),(4087,341,7),(4088,341,8),(4089,341,9),(4090,341,10),(4091,341,11),(4092,341,12),(4093,342,1),(4094,342,2),(4095,342,3),(4096,342,4),(4097,342,5),(4098,342,6),(4099,342,7),(4100,342,8),(4101,342,9),(4102,342,10),(4103,342,11),(4104,342,12),(4105,343,1),(4106,343,2),(4107,343,3),(4108,343,4),(4109,343,5),(4110,343,6),(4111,343,7),(4112,343,8),(4113,343,9),(4114,343,10),(4115,343,11),(4116,343,12),(4117,344,1),(4118,344,2),(4119,344,3),(4120,344,4),(4121,344,5),(4122,344,6),(4123,344,7),(4124,344,8),(4125,344,9),(4126,344,10),(4127,344,11),(4128,344,12),(4129,345,1),(4130,345,2),(4131,345,3),(4132,345,4),(4133,345,5),(4134,345,6),(4135,345,7),(4136,345,8),(4137,345,9),(4138,345,10),(4139,345,11),(4140,345,12),(4141,346,1),(4142,346,2),(4143,346,3),(4144,346,4),(4145,346,5),(4146,346,6),(4147,346,7),(4148,346,8),(4149,346,9),(4150,346,10),(4151,346,11),(4152,346,12),(4153,347,1),(4154,347,2),(4155,347,3),(4156,347,4),(4157,347,5),(4158,347,6),(4159,347,7),(4160,347,8),(4161,347,9),(4162,347,10),(4163,347,11),(4164,347,12),(4165,348,1),(4166,348,2),(4167,348,3),(4168,348,4),(4169,348,5),(4170,348,6),(4171,348,7),(4172,348,8),(4173,348,9),(4174,348,10),(4175,348,11),(4176,348,12),(4177,349,1),(4178,349,2),(4179,349,3),(4180,349,4),(4181,349,5),(4182,349,6),(4183,349,7),(4184,349,8),(4185,349,9),(4186,349,10),(4187,349,11),(4188,349,12),(4189,350,1),(4190,350,2),(4191,350,3),(4192,350,4),(4193,350,5),(4194,350,6),(4195,350,7),(4196,350,8),(4197,350,9),(4198,350,10),(4199,350,11),(4200,350,12),(4201,351,1),(4202,351,2),(4203,351,3),(4204,351,4),(4205,351,5),(4206,351,6),(4207,351,7),(4208,351,8),(4209,351,9),(4210,351,10),(4211,351,11),(4212,351,12),(4213,352,1),(4214,352,2),(4215,352,3),(4216,352,4),(4217,352,5),(4218,352,6),(4219,352,7),(4220,352,8),(4221,352,9),(4222,352,10),(4223,352,11),(4224,352,12),(4225,353,1),(4226,353,2),(4227,353,3),(4228,353,4),(4229,353,5),(4230,353,6),(4231,353,7),(4232,353,8),(4233,353,9),(4234,353,10),(4235,353,11),(4236,353,12),(4237,354,1),(4238,354,2),(4239,354,3),(4240,354,4),(4241,354,5),(4242,354,6),(4243,354,7),(4244,354,8),(4245,354,9),(4246,354,10),(4247,354,11),(4248,354,12),(4249,355,1),(4250,355,2),(4251,355,3),(4252,355,4),(4253,355,5),(4254,355,6),(4255,355,7),(4256,355,8),(4257,355,9),(4258,355,10),(4259,355,11),(4260,355,12),(4261,356,1),(4262,356,2),(4263,356,3),(4264,356,4),(4265,356,5),(4266,356,6),(4267,356,7),(4268,356,8),(4269,356,9),(4270,356,10),(4271,356,11),(4272,356,12),(4273,357,1),(4274,357,2),(4275,357,3),(4276,357,4),(4277,357,5),(4278,357,6),(4279,357,7),(4280,357,8),(4281,357,9),(4282,357,10),(4283,357,11),(4284,357,12),(4285,358,1),(4286,358,2),(4287,358,3),(4288,358,4),(4289,358,5),(4290,358,6),(4291,358,7),(4292,358,8),(4293,358,9),(4294,358,10),(4295,358,11),(4296,358,12),(4297,359,1),(4298,359,2),(4299,359,3),(4300,359,4),(4301,359,5),(4302,359,6),(4303,359,7),(4304,359,8),(4305,359,9),(4306,359,10),(4307,359,11),(4308,359,12),(4309,360,1),(4310,360,2),(4311,360,3),(4312,360,4),(4313,360,5),(4314,360,6),(4315,360,7),(4316,360,8),(4317,360,9),(4318,360,10),(4319,360,11),(4320,360,12),(4321,361,1),(4322,361,2),(4323,361,3),(4324,361,4),(4325,361,5),(4326,361,6),(4327,361,7),(4328,361,8),(4329,361,9),(4330,361,10),(4331,361,11),(4332,361,12),(4333,362,1),(4334,362,2),(4335,362,3),(4336,362,4),(4337,362,5),(4338,362,6),(4339,362,7),(4340,362,8),(4341,362,9),(4342,362,10),(4343,362,11),(4344,362,12),(4345,363,1),(4346,363,2),(4347,363,3),(4348,363,4),(4349,363,5),(4350,363,6),(4351,363,7),(4352,363,8),(4353,363,9),(4354,363,10),(4355,363,11),(4356,363,12),(4357,364,1),(4358,364,2),(4359,364,3),(4360,364,4),(4361,364,5),(4362,364,6),(4363,364,7),(4364,364,8),(4365,364,9),(4366,364,10),(4367,364,11),(4368,364,12),(4547,372,1),(4548,372,2),(4549,372,3),(4550,372,4),(4551,372,5),(4552,372,6),(4553,379,1),(4554,379,2),(4555,379,3),(4556,379,4),(4557,379,5),(4558,379,6),(4559,366,1),(4560,366,2),(4561,366,3),(4562,366,4),(4563,366,5),(4564,366,6),(4565,373,1),(4566,373,2),(4567,373,3),(4568,373,4),(4569,373,5),(4570,373,6),(4571,365,1),(4572,365,2),(4573,365,3),(4574,365,4),(4575,365,5),(4576,365,6),(4577,380,1),(4578,380,2),(4579,380,3),(4580,380,4),(4581,380,5),(4582,380,6),(4583,381,1),(4584,381,2),(4585,381,3),(4586,381,4),(4587,381,5),(4588,381,6),(4596,396,1),(4597,396,2),(4598,396,3),(4599,396,4),(4600,396,5),(4601,396,6),(4602,397,1),(4603,397,2),(4604,397,3),(4605,397,4),(4606,397,5),(4607,397,6),(4608,398,1),(4609,398,2),(4610,398,3),(4611,398,4),(4612,398,5),(4613,398,6),(4614,395,1),(4615,395,2),(4616,395,3),(4617,395,4),(4618,395,5),(4619,395,6),(4620,377,1),(4621,377,2),(4622,377,3),(4623,377,4),(4624,377,5),(4625,377,6),(4626,376,1),(4627,376,2),(4628,376,3),(4629,376,4),(4630,376,5),(4631,376,6),(4632,374,1),(4633,374,2),(4634,374,3),(4635,374,4),(4636,374,5),(4637,374,6),(4638,375,1),(4639,375,2),(4640,375,3),(4641,375,4),(4642,375,5),(4643,375,6),(4644,378,1),(4645,378,2),(4646,378,3),(4647,378,4),(4648,378,5),(4649,378,6),(4650,367,1),(4651,367,2),(4652,367,3),(4653,367,4),(4654,367,5),(4655,367,6),(4656,371,1),(4657,371,2),(4658,371,3),(4659,371,4),(4660,371,5),(4661,371,6),(4662,370,1),(4663,370,2),(4664,370,3),(4665,370,4),(4666,370,5),(4667,370,6),(4668,369,1),(4669,369,2),(4670,369,3),(4671,369,4),(4672,369,5),(4673,369,6),(4674,368,1),(4675,368,2),(4676,368,3),(4677,368,4),(4678,368,5),(4679,392,1),(4680,392,2),(4681,392,3),(4682,392,4),(4683,392,5),(4684,392,6),(4685,393,1),(4686,393,2),(4687,393,3),(4688,393,4),(4689,393,5),(4690,393,6),(4691,394,1),(4692,394,2),(4693,394,3),(4694,394,4),(4695,394,5),(4696,394,6),(4697,390,1),(4698,390,2),(4699,390,3),(4700,390,4),(4701,390,5),(4702,390,6),(4703,383,1),(4704,383,2),(4705,383,3),(4706,383,4),(4707,383,5),(4708,383,6),(4709,382,1),(4710,382,2),(4711,382,3),(4712,382,4),(4713,382,5),(4714,382,6),(4715,386,1),(4716,386,2),(4717,386,3),(4718,386,4),(4719,386,5),(4720,386,6),(4721,387,1),(4722,387,2),(4723,387,3),(4724,387,4),(4725,387,5),(4726,387,6),(4727,389,1),(4728,389,2),(4729,389,3),(4730,389,4),(4731,389,5),(4732,389,6),(4733,388,1),(4734,388,2),(4735,388,3),(4736,388,4),(4737,388,5),(4738,388,6),(4739,384,1),(4740,384,2),(4741,384,3),(4742,384,4),(4743,384,5),(4744,384,6),(4745,385,1),(4746,385,2),(4747,385,3),(4748,385,4),(4749,385,5),(4750,385,6),(4751,400,1),(4752,400,2),(4753,400,3),(4754,400,4),(4755,400,5),(4756,400,6),(4757,401,1),(4758,401,2),(4759,401,3),(4760,401,4),(4761,401,5),(4762,401,6),(4763,402,1),(4764,402,2),(4765,402,3),(4766,402,4),(4767,402,5),(4768,402,6),(4769,403,1),(4770,403,2),(4771,403,3),(4772,403,4),(4773,403,5),(4774,403,6),(4775,404,1),(4776,404,2),(4777,404,3),(4778,404,4),(4779,404,5),(4792,407,1),(4793,407,2),(4794,407,3),(4795,407,4),(4796,407,5),(4797,407,6),(4798,408,1),(4799,408,2),(4800,408,3),(4801,408,4),(4802,408,5),(4803,408,6),(4804,409,1),(4805,409,2),(4806,409,3),(4807,409,4),(4808,409,5),(4809,409,6),(4810,410,1),(4811,410,2),(4812,410,3),(4813,410,4),(4814,410,5),(4815,410,6),(4816,411,1),(4817,411,2),(4818,411,3),(4819,411,4),(4820,411,5),(4821,411,6),(4822,412,1),(4823,412,2),(4824,412,3),(4825,412,4),(4826,412,5),(4827,412,6),(4828,413,1),(4829,414,1),(4830,414,2),(4831,414,3),(4832,414,4),(4833,414,5),(4834,414,6),(4835,415,1),(4836,415,2),(4837,415,3),(4838,415,4),(4839,415,5),(4840,415,6),(4841,416,1),(4842,416,2),(4843,416,3),(4844,416,4),(4845,416,5),(4846,416,6),(4847,417,1),(4848,417,2),(4849,417,3),(4850,417,4),(4851,417,5),(4852,417,6),(4853,418,1),(4854,418,2),(4855,418,3),(4856,418,4),(4857,418,5),(4858,418,6),(4859,419,1),(4860,419,2),(4861,419,3),(4862,419,4),(4863,419,5),(4864,419,6),(4865,420,1),(4866,420,2),(4867,420,3),(4868,420,4),(4869,420,5),(4870,420,6),(4871,421,1),(4872,421,2),(4873,421,3),(4874,421,4),(4875,421,5),(4876,421,6),(4877,422,1),(4878,422,2),(4879,422,3),(4880,422,4),(4881,422,5),(4882,422,6),(4883,423,1),(4884,423,2),(4885,423,3),(4886,423,4),(4887,423,5),(4888,423,6),(4889,424,1),(4890,424,2),(4891,424,3),(4892,424,4),(4893,424,5),(4894,424,6),(4895,425,1),(4896,425,2),(4897,425,3),(4898,425,4),(4899,425,5),(4900,425,6),(4901,426,1),(4902,426,2),(4903,426,3),(4904,426,4),(4905,426,5),(4906,426,6),(4925,405,1),(4926,405,2),(4927,405,3),(4928,405,4),(4929,405,5),(4930,405,6),(4931,405,7),(4932,427,1),(4933,427,2),(4934,427,3),(4935,427,4),(4936,427,5),(4937,427,6),(4938,428,1),(4939,428,2),(4940,428,3),(4941,428,4),(4942,428,5),(4943,428,6),(4944,429,1),(4945,429,2),(4946,429,3),(4947,429,4),(4948,429,5),(4949,429,6),(4950,430,1),(4951,431,1),(4952,432,1),(4953,432,2),(4954,432,3),(4955,432,4),(4956,432,5),(4957,432,6),(4958,432,7),(4959,432,8),(4960,432,9),(4961,432,10),(4962,432,11),(4963,432,12),(4964,433,1),(4965,433,2),(4966,433,3),(4967,433,4),(4968,433,5),(4969,433,6),(4970,433,7),(4971,433,8),(4972,433,9),(4973,433,10),(4974,433,11),(4975,433,12),(4976,434,1),(4977,434,2),(4978,434,3),(4979,434,4),(4980,434,5),(4981,434,6),(4982,434,7),(4983,434,8),(4984,434,9),(4985,434,10),(4986,434,11),(4987,434,12),(4988,435,1),(4989,435,2),(4990,435,3),(4991,435,4),(4992,435,5),(4993,435,6),(4994,435,7),(4995,435,8),(4996,435,9),(4997,435,10),(4998,435,11),(4999,435,12),(5000,444,1),(5013,446,1),(5014,446,2),(5015,446,3),(5016,446,4),(5017,446,5),(5018,446,6),(5019,446,7),(5044,447,1),(5045,447,2),(5046,447,3),(5047,447,4),(5048,447,5),(5049,447,6),(5050,447,7),(5051,445,1),(5052,445,2),(5053,445,3),(5054,445,4),(5055,445,5),(5056,445,6),(5057,445,7),(5058,448,1),(5059,448,2),(5060,448,3),(5061,448,4),(5062,448,5),(5063,448,6),(5064,448,7),(5065,449,1),(5066,449,2),(5067,449,3),(5068,449,4),(5069,449,5),(5070,449,6),(5071,450,1),(5072,450,2),(5073,450,3),(5074,450,4),(5075,450,5),(5076,450,6),(5077,450,7),(5078,450,8),(5079,450,9),(5080,450,10),(5081,450,11),(5082,450,12),(5083,451,1),(5084,451,2),(5085,451,3),(5086,451,4),(5087,451,5),(5088,452,1),(5089,453,1),(5090,454,1),(5091,455,1),(5092,456,1),(5093,457,1),(5094,458,1),(5119,463,1),(5120,459,1),(5121,459,2),(5122,459,3),(5123,459,5),(5124,459,6),(5125,459,7),(5164,460,1),(5165,460,2),(5166,460,3),(5167,460,4),(5168,460,5),(5169,460,6),(5170,460,7),(5171,460,8),(5172,460,9),(5173,460,10),(5174,460,11),(5175,460,12),(5176,464,1),(5177,465,1),(5178,466,1),(5179,467,1),(5180,467,2),(5181,467,3),(5182,467,5),(5183,467,6),(5184,467,7),(5185,468,1),(5186,469,1),(5187,469,2),(5188,469,3),(5189,469,4),(5190,469,5),(5191,469,6),(5192,469,7),(5193,470,1),(5194,471,1),(5195,471,2),(5196,471,3),(5197,471,4),(5198,471,5),(5199,471,6),(5200,471,7),(5201,472,1),(5202,473,1),(5203,473,2),(5204,473,3),(5205,473,4),(5206,473,5),(5207,473,6),(5208,473,7),(5209,474,1),(5210,474,2),(5211,474,3),(5212,474,4),(5213,474,5),(5214,474,6),(5215,474,7),(5216,475,1),(5217,475,2),(5218,475,3),(5219,475,4),(5220,475,5),(5221,475,6),(5222,475,7),(5223,476,1),(5224,476,2),(5225,476,3),(5226,476,4),(5227,476,5),(5228,476,6),(5229,476,7),(5230,477,1),(5231,477,2),(5232,477,3),(5233,477,4),(5234,477,5),(5235,477,6),(5236,477,7),(5237,478,1),(5238,478,2),(5239,478,3),(5240,478,4),(5241,478,5),(5242,478,6),(5243,478,7),(5244,479,1),(5245,479,2),(5246,479,3),(5247,479,4),(5248,479,5),(5249,479,6),(5250,479,7),(5251,480,1),(5252,480,2),(5253,480,3),(5254,480,4),(5255,480,5),(5256,480,6),(5257,480,7),(5258,481,1),(5259,481,2),(5260,481,3),(5261,481,4),(5262,481,5),(5263,481,6),(5264,481,7),(5265,482,1),(5266,482,2),(5267,482,3),(5268,482,4),(5269,482,5),(5270,482,6),(5271,482,7),(5272,483,1),(5273,483,2),(5274,483,3),(5275,483,4),(5276,483,5),(5277,483,6),(5278,483,7),(5279,483,8),(5280,483,9),(5281,483,10),(5282,483,11),(5283,483,12),(5284,484,1),(5285,484,2),(5286,484,3),(5287,484,4),(5288,484,5),(5289,484,6),(5290,484,7),(5291,484,8),(5292,484,9),(5293,484,10),(5294,484,11),(5295,484,12),(5296,485,1),(5297,485,2),(5298,485,3),(5299,485,4),(5300,485,5),(5301,485,6),(5302,485,7),(5303,486,1),(5304,486,2),(5305,486,3),(5306,486,4),(5307,486,5),(5308,486,6),(5309,486,7),(5310,488,1),(5311,489,1),(5312,490,1),(5313,491,1),(5314,492,1),(5315,493,1),(5316,494,1),(5326,497,1),(5327,497,2),(5328,497,3),(5329,497,5),(5330,497,6),(5331,497,7),(5332,497,8),(5333,498,1),(5334,498,2),(5335,498,3),(5336,498,5),(5337,498,6),(5338,498,7),(5340,500,1),(5341,501,1),(5342,502,1),(5343,503,1),(5344,504,1),(5345,505,1),(5346,506,1),(5347,507,1),(5348,508,1),(5349,508,2),(5350,508,3),(5351,508,4),(5352,508,5),(5353,508,6),(5354,508,7),(5355,509,1),(5356,510,1),(5357,511,1),(5358,512,1),(5359,512,2),(5360,512,3),(5361,512,4),(5362,512,5),(5363,512,6),(5364,512,7),(5365,513,1),(5366,514,1),(5367,515,1),(5368,516,1),(5369,517,1),(5370,517,2),(5371,517,3),(5372,517,4),(5373,517,5),(5374,517,6),(5375,517,7),(5376,518,1),(5377,518,2),(5378,518,3),(5379,518,4),(5380,518,5),(5381,518,6),(5382,518,7),(5383,519,1),(5384,520,1),(5385,521,1),(5386,522,1),(5387,523,1),(5388,524,1),(5389,525,1),(5390,526,1),(5391,527,1),(5392,528,1),(5393,529,1),(5394,530,1),(5395,531,1),(5396,531,2),(5397,531,3),(5398,531,4),(5399,531,5),(5400,531,6),(5401,531,7),(5402,532,1),(5403,533,1),(5404,534,1),(5405,535,1),(5406,536,1),(5407,537,1),(5408,538,1),(5409,499,1),(5410,499,2),(5411,499,3),(5412,499,5),(5413,499,6),(5414,499,7),(5415,539,1),(5416,540,1),(5417,541,1),(5418,542,1),(5419,543,1),(5420,462,1),(5421,462,2),(5422,462,3),(5423,462,5),(5424,462,6),(5425,462,7),(5426,544,1),(5427,545,1),(5428,545,2),(5429,545,3),(5430,545,5),(5431,545,6),(5432,545,7),(5433,546,1),(5434,546,2),(5435,546,3),(5436,546,5),(5437,546,6),(5438,546,7),(5439,547,1),(5440,548,1),(5441,549,1),(5442,551,1),(5443,552,1),(5444,555,1),(5445,555,2),(5446,555,3),(5447,555,4),(5448,555,5),(5449,555,6),(5450,555,7),(5451,555,8),(5452,555,9),(5453,555,10),(5454,555,11),(5455,555,12),(5456,556,1),(5469,391,1),(5470,391,2),(5471,391,3),(5472,391,4),(5473,391,5),(5474,391,6),(5475,391,7),(5493,558,1),(5494,558,2),(5495,558,3),(5496,558,4),(5497,558,5),(5498,558,6),(5499,565,1),(5500,565,2),(5501,565,3),(5502,565,5),(5503,565,6),(5504,565,7),(5505,569,1),(5506,569,2),(5507,569,3),(5508,569,4),(5509,569,5),(5510,569,6),(5511,569,7),(5512,569,8),(5513,569,9),(5514,569,10),(5515,569,11),(5516,569,12),(5517,570,1),(5518,570,2),(5519,570,3),(5520,570,4),(5521,570,5),(5522,570,6),(5523,570,7),(5524,570,8),(5525,570,9),(5526,570,10),(5527,570,11),(5528,570,12),(5529,571,1),(5530,574,1),(5531,576,1);
		insert  into central_administration_sfcs.rbac_roles(role_id,role_name) values (1,'Super User'),(2,'cutting user'),(3,'packing user'),(4,'packing list'),(5,'planing user'),(6,'ReCut'),(7,'Warehouse user'),(8,'Inspection user'),(9,'Fabric Issuing'),(10,'Sewing In/Out'),(11,'FR User'),(12,'Quality'),(13,'Production user'),(14,'Warehouse Common'),(15,'Production View User'),(16,'Work Study'),(17,'Engineering'),(18,'Planning User 2');
		insert  into central_administration_sfcs.rbac_users(user_id,role_id,user_name) values (1,1,'sfcsproject1'),(2,1,'ber_databasesvc'),(3,1,'baisysadmin'),(4,1,'chathurangad'),(5,1,'indikadey'),(6,2,'jayaseelig'),(7,3,'trilinik'),(8,3,'dilkiwa'),(9,2,'priyankasa'),(10,2,'ganganig'),(11,4,'kanchanase'),(12,4,'koshikap'),(13,2,'indunikaa'),(14,2,'ramyalathak'),(15,16,'maheshikad'),(16,1,'deshapriyaa'),(17,1,'Thusharako'),(18,1,'lasitham'),(19,1,'thilinana'),(20,1,'tharindura'),(21,1,'Indikaam'),(22,1,'oshane'),(23,1,'dineshpr'),(24,7,'IsuruL'),(25,7,'SanjeewaKuma'),(26,5,'anuras'),(27,8,'harshanira'),(28,8,'eishana'),(29,8,'sumeerash'),(30,10,'kasunp'),(31,9,'SithurangaS'),(32,9,'SepaliSu'),(33,9,'DimuthuTh'),(34,9,'AnojaSh'),(35,14,'ThilinaC'),(36,10,'rajeewar'),(37,1,'vishans'),(38,1,'bekboardroom'),(39,1,'HarshanaK'),(40,12,'hansikas'),(41,12,'chamaraka'),(42,12,'PrabhathK'),(43,12,'Thamindap'),(44,12,'surangaba'),(45,12,'kaveeshaPi'),(46,1,'sfcsproject2'),(47,1,'mahimas'),(48,1,'mifrazm'),(49,5,'NadeeshanS'),(50,13,'userbek'),(51,9,'userwh'),(52,14,'indikan'),(53,9,'channar'),(54,9,'chandanipat'),(55,9,'chamikala'),(56,1,'dinushapre'),(57,15,'Ranganak'),(58,15,'DilanD'),(59,15,'Jayanathp'),(60,15,'menakas'),(61,15,'chandimaa'),(62,3,'devapriyad'),(63,17,'pawanthap'),(64,17,'NilanthaWa'),(65,17,'ManojKa'),(66,17,'PathumA'),(67,17,'usermechanic'),(68,1,'Arunasam'),(69,17,'DhanushkaC'),(70,17,'DamithK'),(71,12,'kanthif'),(72,8,'DhanushkaRu'),(73,15,'Buddhid'),(74,1,'LakshithaS'),(75,2,'shanthaja'),(76,5,'kasunwi'),(77,18,'LakshanRa'),(78,4,'AroshaR'),(79,8,'SandunikaM');
		
		
/*USE brandix_bts;*/
		insert  into brandix_bts.tbl_orders_size_ref(id,size_name) values (1,'s01'),(2,'s02'),(3,'s03'),(4,'s04'),(5,'s05'),(6,'s06'),(7,'s07'),(8,'s08'),(9,'s09'),(10,'s10'),(11,'s11'),(12,'s12'),(13,'s13'),(14,'s14'),(15,'s15'),(16,'s16'),(17,'s17'),(18,'s18'),(19,'s19'),(20,'s20'),(21,'s21'),(22,'s22'),(23,'s23'),(24,'s24'),(25,'s25'),(26,'s26'),(27,'s27'),(28,'s28'),(29,'s29'),(30,'s30'),(31,'s31'),(32,'s32'),(33,'s33'),(34,'s34'),(35,'s35'),(36,'s36'),(37,'s37'),(38,'s38'),(39,'s39'),(40,'s40'),(41,'s41'),(42,'s42'),(43,'s43'),(44,'s44'),(45,'s45'),(46,'s46'),(47,'s47'),(48,'s48'),(49,'s49'),(50,'s50');

