Section,Team,Schedule,Color,Style,SMV,Planned Date,Qty
2,1,502926,21 LIGHT ORANGE-TOP,JJP398H8,25.09,3/20/2018,237
2,1,502926,21 LIGHT ORANGE-TOP,JJP398H8,25.09,3/21/2018,163
2,1,511958,69 NAVY-TOP,JJP398H8,25.09,3/27/2018,123
2,1,511958,69 NAVY-TOP,JJP398H8,25.09,3/28/2018,395
2,1,511958,69 NAVY-TOP,JJP398H8,25.09,3/29/2018,32
2,1,502917,21 LIGHT ORANGE-TOP,JOS398H8,25.09,3/15/2018,218
2,1,502917,21 LIGHT ORANGE-TOP,JOS398H8,25.09,3/16/2018,67
2,1,511935,21 LIGHT ORANGE-TOP,JJP398H8,25.09,3/19/2018,122
2,1,511935,21 LIGHT ORANGE-TOP,JJP398H8,25.09,3/20/2018,101
2,1,511938,21 LIGHT ORANGE-TOP,JJP398H8,25.09,3/16/2018,223
2,1,511938,21 LIGHT ORANGE-TOP,JJP398H8,25.09,3/17/2018,307
2,1,511938,21 LIGHT ORANGE-TOP,JJP398H8,25.09,3/19/2018,201
2,1,502880,21 LIGHT ORANGE-TOP,JJP398H8,25.09,3/7/2018,29
2,1,502880,21 LIGHT ORANGE-TOP,JJP398H8,25.09,3/8/2018,68
2,1,502880,21 LIGHT ORANGE-TOP,JJP398H8,25.09,3/9/2018,100
2,1,502880,21 LIGHT ORANGE-TOP,JJP398H8,25.09,3/12/2018,139
2,1,502880,21 LIGHT ORANGE-TOP,JJP398H8,25.09,3/13/2018,171
2,1,502880,21 LIGHT ORANGE-TOP,JJP398H8,25.09,3/14/2018,217
2,1,502880,21 LIGHT ORANGE-TOP,JJP398H8,25.09,3/15/2018,39
2,1,509920,69 NAVY-TOP,JJP398H8,25.09,3/21/2018,198
2,1,509920,69 NAVY-TOP,JJP398H8,25.09,3/22/2018,378
2,1,509920,69 NAVY-TOP,JJP398H8,25.09,3/23/2018,393
2,1,509920,69 NAVY-TOP,JJP398H8,25.09,3/26/2018,395
2,1,509920,69 NAVY-TOP,JJP398H8,25.09,3/27/2018,272
2,2,509920,69 NAVY-BOTTOM,JJP398H8,9.7,3/21/2018,189
2,2,509920,69 NAVY-BOTTOM,JJP398H8,9.7,3/22/2018,374
2,2,509920,69 NAVY-BOTTOM,JJP398H8,9.7,3/23/2018,392
2,2,509920,69 NAVY-BOTTOM,JJP398H8,9.7,3/26/2018,393
2,2,509920,69 NAVY-BOTTOM,JJP398H8,9.7,3/27/2018,287
2,2,502917,21 LIGHT ORANGE-BOTTOM,JOS398H8,9.7,3/15/2018,220
2,2,502917,21 LIGHT ORANGE-BOTTOM,JOS398H8,9.7,3/16/2018,65
2,2,502926,21 LIGHT ORANGE-BOTTOM,JJP398H8,9.7,3/20/2018,233
2,2,502926,21 LIGHT ORANGE-BOTTOM,JJP398H8,9.7,3/21/2018,167
2,2,511958,69 NAVY-BOTTOM,JJP398H8,9.7,3/27/2018,106
2,2,511958,69 NAVY-BOTTOM,JJP398H8,9.7,3/28/2018,393
2,2,511958,69 NAVY-BOTTOM,JJP398H8,9.7,3/29/2018,52
2,2,511935,21 LIGHT ORANGE-BOTTOM,JJP398H8,9.7,3/19/2018,117
2,2,511935,21 LIGHT ORANGE-BOTTOM,JJP398H8,9.7,3/20/2018,106
2,2,511938,21 LIGHT ORANGE-BOTTOM,JJP398H8,9.7,3/16/2018,221
2,2,511938,21 LIGHT ORANGE-BOTTOM,JJP398H8,9.7,3/17/2018,304
2,2,511938,21 LIGHT ORANGE-BOTTOM,JJP398H8,9.7,3/19/2018,205
2,2,502880,21 LIGHT ORANGE-BOTTOM,JJP398H8,9.7,3/7/2018,32
2,2,502880,21 LIGHT ORANGE-BOTTOM,JJP398H8,9.7,3/8/2018,67
2,2,502880,21 LIGHT ORANGE-BOTTOM,JJP398H8,9.7,3/9/2018,102
2,2,502880,21 LIGHT ORANGE-BOTTOM,JJP398H8,9.7,3/12/2018,137
2,2,502880,21 LIGHT ORANGE-BOTTOM,JJP398H8,9.7,3/13/2018,172
2,2,502880,21 LIGHT ORANGE-BOTTOM,JJP398H8,9.7,3/14/2018,215
2,2,502880,21 LIGHT ORANGE-BOTTOM,JJP398H8,9.7,3/15/2018,39
2,3,502880,21 LIGHT ORANGE-TOP,JJP398H8,25.09,3/7/2018,29
2,3,502880,21 LIGHT ORANGE-TOP,JJP398H8,25.09,3/8/2018,68
2,3,502880,21 LIGHT ORANGE-TOP,JJP398H8,25.09,3/9/2018,100
2,3,502880,21 LIGHT ORANGE-TOP,JJP398H8,25.09,3/12/2018,139
2,3,502880,21 LIGHT ORANGE-TOP,JJP398H8,25.09,3/13/2018,171
2,3,502880,21 LIGHT ORANGE-TOP,JJP398H8,25.09,3/14/2018,217
2,3,502880,21 LIGHT ORANGE-TOP,JJP398H8,25.09,3/15/2018,54
2,3,502943,21 LIGHT ORANGE-TOP,JJP398H8,25.09,3/16/2018,22
2,3,502943,21 LIGHT ORANGE-TOP,JJP398H8,25.09,3/17/2018,307
2,3,502943,21 LIGHT ORANGE-TOP,JJP398H8,25.09,3/19/2018,322
2,3,502943,21 LIGHT ORANGE-TOP,JJP398H8,25.09,3/20/2018,338
2,3,502943,21 LIGHT ORANGE-TOP,JJP398H8,25.09,3/21/2018,211
2,3,509723,69 NAVY-TOP,JOS398H8,25.09,3/15/2018,145
2,3,509724,21 LIGHT ORANGE-TOP,JOS398H8,25.09,3/15/2018,58
2,3,509724,21 LIGHT ORANGE-TOP,JOS398H8,25.09,3/16/2018,45
2,3,509920,69 NAVY-TOP,JJP398H8,25.09,3/26/2018,253
2,3,509920,69 NAVY-TOP,JJP398H8,25.09,3/27/2018,395
2,3,509920,69 NAVY-TOP,JJP398H8,25.09,3/28/2018,353
2,3,511941,69 NAVY-TOP,JJP398H8,25.09,3/21/2018,150
2,3,511941,69 NAVY-TOP,JJP398H8,25.09,3/22/2018,378
2,3,511941,69 NAVY-TOP,JJP398H8,25.09,3/23/2018,393
2,3,511941,69 NAVY-TOP,JJP398H8,25.09,3/26/2018,142
2,3,511944,69 NAVY-TOP,JJP398H8,25.09,3/16/2018,223
2,4,509920,69 NAVY-BOTTOM,JJP398H8,9.7,3/26/2018,264
2,4,509920,69 NAVY-BOTTOM,JJP398H8,9.7,3/27/2018,393
2,4,509920,69 NAVY-BOTTOM,JJP398H8,9.7,3/28/2018,343
2,4,502943,21 LIGHT ORANGE-BOTTOM,JJP398H8,9.7,3/16/2018,40
2,4,502943,21 LIGHT ORANGE-BOTTOM,JJP398H8,9.7,3/17/2018,305
2,4,502943,21 LIGHT ORANGE-BOTTOM,JJP398H8,9.7,3/19/2018,323
2,4,502943,21 LIGHT ORANGE-BOTTOM,JJP398H8,9.7,3/20/2018,340
2,4,502943,21 LIGHT ORANGE-BOTTOM,JJP398H8,9.7,3/21/2018,191
2,4,511941,69 NAVY-BOTTOM,JJP398H8,9.7,3/21/2018,167
2,4,511941,69 NAVY-BOTTOM,JJP398H8,9.7,3/22/2018,375
2,4,511941,69 NAVY-BOTTOM,JJP398H8,9.7,3/23/2018,393
2,4,511941,69 NAVY-BOTTOM,JJP398H8,9.7,3/26/2018,128
2,4,509723,69 NAVY-BOTTOM,JOS398H8,9.7,3/15/2018,145
2,4,509724,21 LIGHT ORANGE-BOTTOM,JOS398H8,9.7,3/15/2018,79
2,4,509724,21 LIGHT ORANGE-BOTTOM,JOS398H8,9.7,3/16/2018,24
2,4,511944,69 NAVY-BOTTOM,JJP398H8,9.7,3/16/2018,223
2,4,502880,21 LIGHT ORANGE-BOTTOM,JJP398H8,9.7,3/7/2018,35
2,4,502880,21 LIGHT ORANGE-BOTTOM,JJP398H8,9.7,3/8/2018,70
2,4,502880,21 LIGHT ORANGE-BOTTOM,JJP398H8,9.7,3/9/2018,105
2,4,502880,21 LIGHT ORANGE-BOTTOM,JJP398H8,9.7,3/12/2018,140
2,4,502880,21 LIGHT ORANGE-BOTTOM,JJP398H8,9.7,3/13/2018,174
2,4,502880,21 LIGHT ORANGE-BOTTOM,JJP398H8,9.7,3/14/2018,218
2,4,502880,21 LIGHT ORANGE-BOTTOM,JJP398H8,9.7,3/15/2018,38
2,5,502978,69 NAVY-TOP,JOS398H8,25.09,3/14/2018,190
2,5,502978,69 NAVY-TOP,JOS398H8,25.09,3/15/2018,206
2,5,502887,69 NAVY-TOP,JJP398H8,25.09,3/5/2018,32
2,5,502887,69 NAVY-TOP,JJP398H8,25.09,3/6/2018,71
2,5,502887,69 NAVY-TOP,JJP398H8,25.09,3/7/2018,103
2,5,502887,69 NAVY-TOP,JJP398H8,25.09,3/8/2018,142
2,5,502887,69 NAVY-TOP,JJP398H8,25.09,3/9/2018,174
2,5,502887,69 NAVY-TOP,JJP398H8,25.09,3/12/2018,221
2,5,502887,69 NAVY-TOP,JJP398H8,25.09,3/13/2018,260
2,5,502887,69 NAVY-TOP,JJP398H8,25.09,3/14/2018,102
2,5,502926,21 LIGHT ORANGE-TOP,JJP398H8,25.09,3/15/2018,102
2,5,502926,21 LIGHT ORANGE-TOP,JJP398H8,25.09,3/16/2018,324
2,5,502926,21 LIGHT ORANGE-TOP,JJP398H8,25.09,3/17/2018,339
2,5,502926,21 LIGHT ORANGE-TOP,JJP398H8,25.09,3/19/2018,363
2,5,502926,21 LIGHT ORANGE-TOP,JJP398H8,25.09,3/20/2018,379
2,5,502926,21 LIGHT ORANGE-TOP,JJP398H8,25.09,3/21/2018,395
2,5,502926,21 LIGHT ORANGE-TOP,JJP398H8,25.09,3/22/2018,122
2,5,511953,69 NAVY-TOP,JJP398H8,25.09,3/28/2018,169
2,5,511953,69 NAVY-TOP,JJP398H8,25.09,3/29/2018,273
2,5,509923,69 NAVY-TOP,JJP398H8,25.09,3/26/2018,380
2,5,509923,69 NAVY-TOP,JJP398H8,25.09,3/27/2018,395
2,5,509923,69 NAVY-TOP,JJP398H8,25.09,3/28/2018,226
2,5,511945,69 NAVY-TOP,JJP398H8,25.09,3/22/2018,273
2,5,511945,69 NAVY-TOP,JJP398H8,25.09,3/23/2018,395
2,5,511945,69 NAVY-TOP,JJP398H8,25.09,3/26/2018,1
2,6,502926,21 LIGHT ORANGE-BOTTOM,JJP398H8,9.7,3/15/2018,96
2,6,502926,21 LIGHT ORANGE-BOTTOM,JJP398H8,9.7,3/16/2018,323
2,6,502926,21 LIGHT ORANGE-BOTTOM,JJP398H8,9.7,3/17/2018,340
2,6,502926,21 LIGHT ORANGE-BOTTOM,JJP398H8,9.7,3/19/2018,358
2,6,502926,21 LIGHT ORANGE-BOTTOM,JJP398H8,9.7,3/20/2018,375
2,6,502926,21 LIGHT ORANGE-BOTTOM,JJP398H8,9.7,3/21/2018,393
2,6,502926,21 LIGHT ORANGE-BOTTOM,JJP398H8,9.7,3/22/2018,138
2,6,502978,69 NAVY-BOTTOM,JOS398H8,9.7,3/14/2018,187
2,6,502978,69 NAVY-BOTTOM,JOS398H8,9.7,3/15/2018,209
2,6,509923,69 NAVY-BOTTOM,JJP398H8,9.7,3/26/2018,373
2,6,509923,69 NAVY-BOTTOM,JJP398H8,9.7,3/27/2018,393
2,6,509923,69 NAVY-BOTTOM,JJP398H8,9.7,3/28/2018,234
2,6,511953,69 NAVY-BOTTOM,JJP398H8,9.7,3/28/2018,158
2,6,511953,69 NAVY-BOTTOM,JJP398H8,9.7,3/29/2018,295
2,6,502887,69 NAVY-BOTTOM,JJP398H8,9.7,3/5/2018,35
2,6,502887,69 NAVY-BOTTOM,JJP398H8,9.7,3/6/2018,70
2,6,502887,69 NAVY-BOTTOM,JJP398H8,9.7,3/7/2018,105
2,6,502887,69 NAVY-BOTTOM,JJP398H8,9.7,3/8/2018,140
2,6,502887,69 NAVY-BOTTOM,JJP398H8,9.7,3/9/2018,174
2,6,502887,69 NAVY-BOTTOM,JJP398H8,9.7,3/12/2018,218
2,6,502887,69 NAVY-BOTTOM,JJP398H8,9.7,3/13/2018,262
2,6,502887,69 NAVY-BOTTOM,JJP398H8,9.7,3/14/2018,101
2,6,511945,69 NAVY-BOTTOM,JJP398H8,9.7,3/22/2018,255
2,6,511945,69 NAVY-BOTTOM,JJP398H8,9.7,3/23/2018,393
2,6,511945,69 NAVY-BOTTOM,JJP398H8,9.7,3/26/2018,20
2,7,502831,21 LIGHT ORANGE-TOP,JJP398H8,25.09,3/2/2018,59
2,7,502831,21 LIGHT ORANGE-TOP,JJP398H8,25.09,3/5/2018,128
2,7,502831,21 LIGHT ORANGE-TOP,JJP398H8,25.09,3/6/2018,162
2,7,502831,21 LIGHT ORANGE-TOP,JJP398H8,25.09,3/7/2018,204
2,7,502831,21 LIGHT ORANGE-TOP,JJP398H8,25.09,3/8/2018,246
2,7,502831,21 LIGHT ORANGE-TOP,JJP398H8,25.09,3/9/2018,281
2,7,502831,21 LIGHT ORANGE-TOP,JJP398H8,25.09,3/12/2018,111
2,7,502834,69 NAVY-TOP,JJP398H8,25.09,3/14/2018,307
2,7,502834,69 NAVY-TOP,JJP398H8,25.09,3/15/2018,324
2,7,502834,69 NAVY-TOP,JJP398H8,25.09,3/16/2018,339
2,7,502834,69 NAVY-TOP,JJP398H8,25.09,3/17/2018,110
2,7,502943,21 LIGHT ORANGE-TOP,JJP398H8,25.09,3/17/2018,253
2,7,502943,21 LIGHT ORANGE-TOP,JJP398H8,25.09,3/19/2018,379
2,7,502943,21 LIGHT ORANGE-TOP,JJP398H8,25.09,3/20/2018,395
2,7,502943,21 LIGHT ORANGE-TOP,JJP398H8,25.09,3/21/2018,395
2,7,502943,21 LIGHT ORANGE-TOP,JJP398H8,25.09,3/22/2018,179
2,7,509923,69 NAVY-TOP,JJP398H8,25.09,3/26/2018,89
2,7,509923,69 NAVY-TOP,JJP398H8,25.09,3/27/2018,395
2,7,509923,69 NAVY-TOP,JJP398H8,25.09,3/28/2018,395
2,7,509923,69 NAVY-TOP,JJP398H8,25.09,3/29/2018,122
2,7,511940,69 NAVY-TOP,JJP398H8,25.09,3/22/2018,216
2,7,511940,69 NAVY-TOP,JJP398H8,25.09,3/23/2018,106
2,7,511942,69 NAVY-TOP,JJP398H8,25.09,3/23/2018,289
2,7,511942,69 NAVY-TOP,JJP398H8,25.09,3/26/2018,305
2,8,502943,21 LIGHT ORANGE-BOTTOM,JJP398H8,9.7,3/17/2018,186
2,8,502943,21 LIGHT ORANGE-BOTTOM,JJP398H8,9.7,3/19/2018,375
2,8,502943,21 LIGHT ORANGE-BOTTOM,JJP398H8,9.7,3/20/2018,393
2,8,502943,21 LIGHT ORANGE-BOTTOM,JJP398H8,9.7,3/21/2018,393
2,8,502943,21 LIGHT ORANGE-BOTTOM,JJP398H8,9.7,3/22/2018,254
2,8,511940,69 NAVY-BOTTOM,JJP398H8,9.7,3/22/2018,139
2,8,511940,69 NAVY-BOTTOM,JJP398H8,9.7,3/23/2018,183
2,8,511942,69 NAVY-BOTTOM,JJP398H8,9.7,3/23/2018,210
2,8,511942,69 NAVY-BOTTOM,JJP398H8,9.7,3/26/2018,384
2,8,509923,69 NAVY-BOTTOM,JJP398H8,9.7,3/26/2018,9
2,8,509923,69 NAVY-BOTTOM,JJP398H8,9.7,3/27/2018,393
2,8,509923,69 NAVY-BOTTOM,JJP398H8,9.7,3/28/2018,393
2,8,509923,69 NAVY-BOTTOM,JJP398H8,9.7,3/29/2018,206
2,8,502831,21 LIGHT ORANGE-BOTTOM,JJP398H8,9.7,3/2/2018,32
2,8,502831,21 LIGHT ORANGE-BOTTOM,JJP398H8,9.7,3/5/2018,70
2,8,502831,21 LIGHT ORANGE-BOTTOM,JJP398H8,9.7,3/6/2018,105
2,8,502831,21 LIGHT ORANGE-BOTTOM,JJP398H8,9.7,3/7/2018,140
2,8,502831,21 LIGHT ORANGE-BOTTOM,JJP398H8,9.7,3/8/2018,174
2,8,502831,21 LIGHT ORANGE-BOTTOM,JJP398H8,9.7,3/9/2018,218
2,8,502831,21 LIGHT ORANGE-BOTTOM,JJP398H8,9.7,3/12/2018,262
2,8,502831,21 LIGHT ORANGE-BOTTOM,JJP398H8,9.7,3/13/2018,288
2,8,502831,21 LIGHT ORANGE-BOTTOM,JJP398H8,9.7,3/14/2018,61
2,8,502834,69 NAVY-BOTTOM,JJP398H8,9.7,3/14/2018,244
2,8,502834,69 NAVY-BOTTOM,JJP398H8,9.7,3/15/2018,323
2,8,502834,69 NAVY-BOTTOM,JJP398H8,9.7,3/16/2018,340
2,8,502834,69 NAVY-BOTTOM,JJP398H8,9.7,3/17/2018,172
2,9,511965,21 LIGHT ORANGE-TOP,JJP398H8,25.09,3/16/2018,156
2,9,511965,21 LIGHT ORANGE-TOP,JJP398H8,25.09,3/17/2018,323
2,9,511965,21 LIGHT ORANGE-TOP,JJP398H8,25.09,3/19/2018,339
2,9,511965,21 LIGHT ORANGE-TOP,JJP398H8,25.09,3/20/2018,35
2,9,502887,69 NAVY-TOP,JJP398H8,25.09,3/6/2018,32
2,9,502887,69 NAVY-TOP,JJP398H8,25.09,3/7/2018,71
2,9,502887,69 NAVY-TOP,JJP398H8,25.09,3/8/2018,103
2,9,502887,69 NAVY-TOP,JJP398H8,25.09,3/9/2018,142
2,9,502887,69 NAVY-TOP,JJP398H8,25.09,3/12/2018,174
2,9,502887,69 NAVY-TOP,JJP398H8,25.09,3/13/2018,221
2,9,502887,69 NAVY-TOP,JJP398H8,25.09,3/14/2018,260
2,9,502887,69 NAVY-TOP,JJP398H8,25.09,3/15/2018,206
2,9,511937,21 LIGHT ORANGE-TOP,JJP398H8,25.09,3/15/2018,83
2,9,511937,21 LIGHT ORANGE-TOP,JJP398H8,25.09,3/16/2018,152
2,9,509923,69 NAVY-TOP,JJP398H8,25.09,3/23/2018,91
2,9,509923,69 NAVY-TOP,JJP398H8,25.09,3/26/2018,395
2,9,509923,69 NAVY-TOP,JJP398H8,25.09,3/27/2018,395
2,9,509923,69 NAVY-TOP,JJP398H8,25.09,3/28/2018,120
2,9,509922,21 LIGHT ORANGE-TOP,JJP398H8,25.09,3/20/2018,328
2,9,509922,21 LIGHT ORANGE-TOP,JJP398H8,25.09,3/21/2018,187
2,9,511943,69 NAVY-TOP,JJP398H8,25.09,3/21/2018,192
2,9,511943,69 NAVY-TOP,JJP398H8,25.09,3/22/2018,394
2,9,511943,69 NAVY-TOP,JJP398H8,25.09,3/23/2018,304
2,10,493320,BLK : BLACK,ASL18SF8,9.5,3/15/2018,4
2,10,493324,BLK : BLACK,ACZ06SF8,6.14,3/14/2018,11
2,10,493325,BLK : BLACK,ACZ06SF8,6.14,3/14/2018,4
2,10,494669,BLK : BLACK,ASL18SF8,9.5,3/15/2018,11
2,11,511965,21 LIGHT ORANGE-BOTTOM,JJP398H8,9.7,3/16/2018,154
2,11,511965,21 LIGHT ORANGE-BOTTOM,JJP398H8,9.7,3/17/2018,323
2,11,511965,21 LIGHT ORANGE-BOTTOM,JJP398H8,9.7,3/19/2018,340
2,11,511965,21 LIGHT ORANGE-BOTTOM,JJP398H8,9.7,3/20/2018,36
2,11,502887,69 NAVY-BOTTOM,JJP398H8,9.7,3/6/2018,35
2,11,502887,69 NAVY-BOTTOM,JJP398H8,9.7,3/7/2018,70
2,11,502887,69 NAVY-BOTTOM,JJP398H8,9.7,3/8/2018,105
2,11,502887,69 NAVY-BOTTOM,JJP398H8,9.7,3/9/2018,140
2,11,502887,69 NAVY-BOTTOM,JJP398H8,9.7,3/12/2018,174
2,11,502887,69 NAVY-BOTTOM,JJP398H8,9.7,3/13/2018,218
2,11,502887,69 NAVY-BOTTOM,JJP398H8,9.7,3/14/2018,262
2,11,502887,69 NAVY-BOTTOM,JJP398H8,9.7,3/15/2018,205
2,11,511937,21 LIGHT ORANGE-BOTTOM,JJP398H8,9.7,3/15/2018,83
2,11,511937,21 LIGHT ORANGE-BOTTOM,JJP398H8,9.7,3/16/2018,152
2,11,511943,69 NAVY-BOTTOM,JJP398H8,9.7,3/21/2018,182
2,11,511943,69 NAVY-BOTTOM,JJP398H8,9.7,3/22/2018,393
2,11,511943,69 NAVY-BOTTOM,JJP398H8,9.7,3/23/2018,316
2,11,509923,69 NAVY-BOTTOM,JJP398H8,9.7,3/23/2018,56
2,11,509923,69 NAVY-BOTTOM,JJP398H8,9.7,3/26/2018,393
2,11,509923,69 NAVY-BOTTOM,JJP398H8,9.7,3/27/2018,393
2,11,509923,69 NAVY-BOTTOM,JJP398H8,9.7,3/28/2018,158
2,11,509922,21 LIGHT ORANGE-BOTTOM,JJP398H8,9.7,3/20/2018,322
2,11,509922,21 LIGHT ORANGE-BOTTOM,JJP398H8,9.7,3/21/2018,193
2,12,511968,21 LIGHT ORANGE-TOP,JJP398H8,25.09,3/20/2018,277
2,12,511968,21 LIGHT ORANGE-TOP,JJP398H8,25.09,3/21/2018,395
2,12,511968,21 LIGHT ORANGE-TOP,JJP398H8,25.09,3/22/2018,70
2,12,509921,21 LIGHT ORANGE-TOP,JJP398H8,25.09,3/15/2018,173
2,12,509921,21 LIGHT ORANGE-TOP,JJP398H8,25.09,3/16/2018,324
2,12,509921,21 LIGHT ORANGE-TOP,JJP398H8,25.09,3/17/2018,339
2,12,509921,21 LIGHT ORANGE-TOP,JJP398H8,25.09,3/19/2018,363
2,12,509921,21 LIGHT ORANGE-TOP,JJP398H8,25.09,3/20/2018,102
2,12,511932,69 NAVY-TOP,JJP398H8,25.09,3/22/2018,324
2,12,511932,69 NAVY-TOP,JJP398H8,25.09,3/23/2018,395
2,12,511932,69 NAVY-TOP,JJP398H8,25.09,3/26/2018,295
2,12,502834,69 NAVY-TOP,JJP398H8,25.09,3/12/2018,93
2,12,502834,69 NAVY-TOP,JJP398H8,25.09,3/13/2018,260
2,12,502834,69 NAVY-TOP,JJP398H8,25.09,3/14/2018,292
2,12,502834,69 NAVY-TOP,JJP398H8,25.09,3/15/2018,135
2,12,502831,21 LIGHT ORANGE-TOP,JJP398H8,25.09,3/5/2018,32
2,12,502831,21 LIGHT ORANGE-TOP,JJP398H8,25.09,3/6/2018,71
2,12,502831,21 LIGHT ORANGE-TOP,JJP398H8,25.09,3/7/2018,103
2,12,502831,21 LIGHT ORANGE-TOP,JJP398H8,25.09,3/8/2018,142
2,12,502831,21 LIGHT ORANGE-TOP,JJP398H8,25.09,3/9/2018,174
2,12,502831,21 LIGHT ORANGE-TOP,JJP398H8,25.09,3/12/2018,127
2,12,509923,69 NAVY-TOP,JJP398H8,25.09,3/26/2018,100
2,12,509923,69 NAVY-TOP,JJP398H8,25.09,3/27/2018,395
2,12,509923,69 NAVY-TOP,JJP398H8,25.09,3/28/2018,395
2,12,509923,69 NAVY-TOP,JJP398H8,25.09,3/29/2018,111
2,13,511968,21 LIGHT ORANGE-BOTTOM,JJP398H8,9.7,3/20/2018,264
2,13,511968,21 LIGHT ORANGE-BOTTOM,JJP398H8,9.7,3/21/2018,393
2,13,511968,21 LIGHT ORANGE-BOTTOM,JJP398H8,9.7,3/22/2018,85
2,13,509921,21 LIGHT ORANGE-BOTTOM,JJP398H8,9.7,3/15/2018,169
2,13,509921,21 LIGHT ORANGE-BOTTOM,JJP398H8,9.7,3/16/2018,323
2,13,509921,21 LIGHT ORANGE-BOTTOM,JJP398H8,9.7,3/17/2018,340
2,13,509921,21 LIGHT ORANGE-BOTTOM,JJP398H8,9.7,3/19/2018,358
2,13,509921,21 LIGHT ORANGE-BOTTOM,JJP398H8,9.7,3/20/2018,111
2,13,511932,69 NAVY-BOTTOM,JJP398H8,9.7,3/22/2018,307
2,13,511932,69 NAVY-BOTTOM,JJP398H8,9.7,3/23/2018,393
2,13,511932,69 NAVY-BOTTOM,JJP398H8,9.7,3/26/2018,314
2,13,502834,69 NAVY-BOTTOM,JJP398H8,9.7,3/12/2018,93
2,13,502834,69 NAVY-BOTTOM,JJP398H8,9.7,3/13/2018,262
2,13,502834,69 NAVY-BOTTOM,JJP398H8,9.7,3/14/2018,288
2,13,502834,69 NAVY-BOTTOM,JJP398H8,9.7,3/15/2018,137
2,13,502831,21 LIGHT ORANGE-BOTTOM,JJP398H8,9.7,3/5/2018,35
2,13,502831,21 LIGHT ORANGE-BOTTOM,JJP398H8,9.7,3/6/2018,70
2,13,502831,21 LIGHT ORANGE-BOTTOM,JJP398H8,9.7,3/7/2018,105
2,13,502831,21 LIGHT ORANGE-BOTTOM,JJP398H8,9.7,3/8/2018,140
2,13,502831,21 LIGHT ORANGE-BOTTOM,JJP398H8,9.7,3/9/2018,174
2,13,502831,21 LIGHT ORANGE-BOTTOM,JJP398H8,9.7,3/12/2018,125
2,13,509923,69 NAVY-BOTTOM,JJP398H8,9.7,3/26/2018,79
2,13,509923,69 NAVY-BOTTOM,JJP398H8,9.7,3/27/2018,393
2,13,509923,69 NAVY-BOTTOM,JJP398H8,9.7,3/28/2018,393
2,13,509923,69 NAVY-BOTTOM,JJP398H8,9.7,3/29/2018,136
2,14,511967,21 LIGHT ORANGE-TOP,JJP398H8,25.09,3/20/2018,297
2,14,502943,21 LIGHT ORANGE-TOP,JJP398H8,25.09,3/16/2018,38
2,14,502943,21 LIGHT ORANGE-TOP,JJP398H8,25.09,3/17/2018,361
2,14,502943,21 LIGHT ORANGE-TOP,JJP398H8,25.09,3/19/2018,377
2,14,502943,21 LIGHT ORANGE-TOP,JJP398H8,25.09,3/20/2018,58
2,14,502831,21 LIGHT ORANGE-TOP,JJP398H8,25.09,3/2/2018,66
2,14,502831,21 LIGHT ORANGE-TOP,JJP398H8,25.09,3/5/2018,109
2,14,502831,21 LIGHT ORANGE-TOP,JJP398H8,25.09,3/6/2018,148
2,14,502831,21 LIGHT ORANGE-TOP,JJP398H8,25.09,3/7/2018,182
2,14,502831,21 LIGHT ORANGE-TOP,JJP398H8,25.09,3/8/2018,167
2,14,502832,69 NAVY-TOP,JJP398H8,25.09,3/15/2018,275
2,14,502832,69 NAVY-TOP,JJP398H8,25.09,3/16/2018,300
2,14,502834,69 NAVY-TOP,JJP398H8,25.09,3/12/2018,257
2,14,502834,69 NAVY-TOP,JJP398H8,25.09,3/13/2018,289
2,14,502834,69 NAVY-TOP,JJP398H8,25.09,3/14/2018,306
2,14,502834,69 NAVY-TOP,JJP398H8,25.09,3/15/2018,48
2,14,509923,69 NAVY-TOP,JJP398H8,25.09,3/23/2018,122
2,14,509923,69 NAVY-TOP,JJP398H8,25.09,3/26/2018,395
2,14,509923,69 NAVY-TOP,JJP398H8,25.09,3/27/2018,395
2,14,509923,69 NAVY-TOP,JJP398H8,25.09,3/28/2018,95
2,14,511932,69 NAVY-TOP,JJP398H8,25.09,3/20/2018,38
2,14,511932,69 NAVY-TOP,JJP398H8,25.09,3/21/2018,395
2,14,511932,69 NAVY-TOP,JJP398H8,25.09,3/22/2018,395
2,14,511932,69 NAVY-TOP,JJP398H8,25.09,3/23/2018,273
2,15,511967,21 LIGHT ORANGE-BOTTOM,JJP398H8,9.7,3/20/2018,276
2,15,511967,21 LIGHT ORANGE-BOTTOM,JJP398H8,9.7,3/21/2018,21
2,15,502943,21 LIGHT ORANGE-BOTTOM,JJP398H8,9.7,3/17/2018,349
2,15,502943,21 LIGHT ORANGE-BOTTOM,JJP398H8,9.7,3/19/2018,372
2,15,502943,21 LIGHT ORANGE-BOTTOM,JJP398H8,9.7,3/20/2018,113
2,15,502831,21 LIGHT ORANGE-BOTTOM,JJP398H8,9.7,3/2/2018,29
2,15,502831,21 LIGHT ORANGE-BOTTOM,JJP398H8,9.7,3/5/2018,63
2,15,502831,21 LIGHT ORANGE-BOTTOM,JJP398H8,9.7,3/6/2018,98
2,15,502831,21 LIGHT ORANGE-BOTTOM,JJP398H8,9.7,3/7/2018,133
2,15,502831,21 LIGHT ORANGE-BOTTOM,JJP398H8,9.7,3/8/2018,168
2,15,502831,21 LIGHT ORANGE-BOTTOM,JJP398H8,9.7,3/9/2018,210
2,15,502831,21 LIGHT ORANGE-BOTTOM,JJP398H8,9.7,3/12/2018,28
2,15,502832,69 NAVY-BOTTOM,JJP398H8,9.7,3/15/2018,232
2,15,502832,69 NAVY-BOTTOM,JJP398H8,9.7,3/16/2018,337
2,15,502832,69 NAVY-BOTTOM,JJP398H8,9.7,3/17/2018,6
2,15,509923,69 NAVY-BOTTOM,JJP398H8,9.7,3/23/2018,58
2,15,509923,69 NAVY-BOTTOM,JJP398H8,9.7,3/26/2018,393
2,15,509923,69 NAVY-BOTTOM,JJP398H8,9.7,3/27/2018,393
2,15,509923,69 NAVY-BOTTOM,JJP398H8,9.7,3/28/2018,163
2,15,502834,69 NAVY-BOTTOM,JJP398H8,9.7,3/12/2018,226
2,15,502834,69 NAVY-BOTTOM,JJP398H8,9.7,3/13/2018,283
2,15,502834,69 NAVY-BOTTOM,JJP398H8,9.7,3/14/2018,302
2,15,502834,69 NAVY-BOTTOM,JJP398H8,9.7,3/15/2018,88
2,15,511932,69 NAVY-BOTTOM,JJP398H8,9.7,3/21/2018,372
2,15,511932,69 NAVY-BOTTOM,JJP398H8,9.7,3/22/2018,393
2,15,511932,69 NAVY-BOTTOM,JJP398H8,9.7,3/23/2018,335
2,16,511964,21 LIGHT ORANGE-TOP,JJP398H8,25.09,3/17/2018,130
2,16,502903,21 LIGHT ORANGE-TOP,JJP398H8,25.09,3/21/2018,25
2,16,502903,21 LIGHT ORANGE-TOP,JJP398H8,25.09,3/22/2018,37
2,16,509921,21 LIGHT ORANGE-TOP,JJP398H8,25.09,3/15/2018,60
2,16,509921,21 LIGHT ORANGE-TOP,JJP398H8,25.09,3/16/2018,324
2,16,509921,21 LIGHT ORANGE-TOP,JJP398H8,25.09,3/17/2018,117
2,16,511763,21 LIGHT ORANGE-TOP,JJP398H8,25.09,3/17/2018,92
2,16,511763,21 LIGHT ORANGE-TOP,JJP398H8,25.09,3/19/2018,20
2,16,511764,21 LIGHT ORANGE-TOP,JJP398H8,25.09,3/19/2018,75
2,16,511765,21 LIGHT ORANGE-TOP,JJP398H8,25.09,3/19/2018,50
2,16,511769,69 NAVY-TOP,JJP398H8,25.09,3/28/2018,124
2,16,511770,69 NAVY-TOP,JJP398H8,25.09,3/28/2018,62
2,16,511771,69 NAVY-TOP,JJP398H8,25.09,3/28/2018,13
2,16,511772,21 LIGHT ORANGE-TOP,JJP398H8,25.09,3/19/2018,219
2,16,511772,21 LIGHT ORANGE-TOP,JJP398H8,25.09,3/20/2018,41
2,16,511773,21 LIGHT ORANGE-TOP,JJP398H8,25.09,3/20/2018,174
2,16,511774,21 LIGHT ORANGE-TOP,JJP398H8,25.09,3/20/2018,124
2,16,511936,21 LIGHT ORANGE-TOP,JJP398H8,25.09,3/22/2018,358
2,16,511936,21 LIGHT ORANGE-TOP,JJP398H8,25.09,3/23/2018,1
2,16,511782,69 NAVY-TOP,JJP398H8,25.09,3/26/2018,30
2,16,511782,69 NAVY-TOP,JJP398H8,25.09,3/27/2018,242
2,16,509727,69 NAVY-TOP,JJP398H8,25.09,3/29/2018,50
2,16,511789,69 NAVY-TOP,JJP398H8,25.09,3/27/2018,149
2,16,511939,21 LIGHT ORANGE-TOP,JJP398H8,25.09,3/20/2018,39
2,16,511939,21 LIGHT ORANGE-TOP,JJP398H8,25.09,3/21/2018,233
2,16,511794,69 NAVY-TOP,JJP398H8,25.09,3/27/2018,2
2,16,511794,69 NAVY-TOP,JJP398H8,25.09,3/28/2018,36
2,16,502834,69 NAVY-TOP,JJP398H8,25.09,3/5/2018,32
2,16,502834,69 NAVY-TOP,JJP398H8,25.09,3/6/2018,71
2,16,502834,69 NAVY-TOP,JJP398H8,25.09,3/7/2018,103
2,16,502834,69 NAVY-TOP,JJP398H8,25.09,3/8/2018,142
2,16,502834,69 NAVY-TOP,JJP398H8,25.09,3/9/2018,174
2,16,502834,69 NAVY-TOP,JJP398H8,25.09,3/12/2018,221
2,16,502834,69 NAVY-TOP,JJP398H8,25.09,3/13/2018,260
2,16,502834,69 NAVY-TOP,JJP398H8,25.09,3/14/2018,292
2,16,502834,69 NAVY-TOP,JJP398H8,25.09,3/15/2018,124
2,16,511946,69 NAVY-TOP,JJP398H8,25.09,3/28/2018,159
2,16,511946,69 NAVY-TOP,JJP398H8,25.09,3/29/2018,76
2,16,511948,69 NAVY-TOP,JJP398H8,25.09,3/23/2018,1
2,16,511948,69 NAVY-TOP,JJP398H8,25.09,3/26/2018,148
2,16,511952,21 LIGHT ORANGE-TOP,JJP398H8,25.09,3/21/2018,137
2,16,511954,69 NAVY-TOP,JJP398H8,25.09,3/15/2018,124
2,16,502969,69 NAVY-TOP,JJP398H8,25.09,3/26/2018,87
2,16,511955,69 NAVY-TOP,JJP398H8,25.09,3/23/2018,392
2,16,511956,69 NAVY-TOP,JJP398H8,25.09,3/29/2018,98
2,16,511959,69 NAVY-TOP,JJP398H8,25.09,3/26/2018,130
2,17,502903,21 LIGHT ORANGE-BOTTOM,JJP398H8,9.7,3/21/2018,10
2,17,502903,21 LIGHT ORANGE-BOTTOM,JJP398H8,9.7,3/22/2018,52
2,17,511964,21 LIGHT ORANGE-BOTTOM,JJP398H8,9.7,3/17/2018,130
2,17,502969,69 NAVY-BOTTOM,JJP398H8,9.7,3/26/2018,87
2,17,509921,21 LIGHT ORANGE-BOTTOM,JJP398H8,9.7,3/15/2018,54
2,17,509921,21 LIGHT ORANGE-BOTTOM,JJP398H8,9.7,3/16/2018,323
2,17,509921,21 LIGHT ORANGE-BOTTOM,JJP398H8,9.7,3/17/2018,123
2,17,511763,21 LIGHT ORANGE-BOTTOM,JJP398H8,9.7,3/17/2018,88
2,17,511763,21 LIGHT ORANGE-BOTTOM,JJP398H8,9.7,3/19/2018,24
2,17,511764,21 LIGHT ORANGE-BOTTOM,JJP398H8,9.7,3/19/2018,75
2,17,511765,21 LIGHT ORANGE-BOTTOM,JJP398H8,9.7,3/19/2018,50
2,17,511769,69 NAVY-BOTTOM,JJP398H8,9.7,3/28/2018,124
2,17,511770,69 NAVY-BOTTOM,JJP398H8,9.7,3/28/2018,62
2,17,511771,69 NAVY-BOTTOM,JJP398H8,9.7,3/28/2018,13
2,17,511772,21 LIGHT ORANGE-BOTTOM,JJP398H8,9.7,3/19/2018,209
2,17,511772,21 LIGHT ORANGE-BOTTOM,JJP398H8,9.7,3/20/2018,51
2,17,511773,21 LIGHT ORANGE-BOTTOM,JJP398H8,9.7,3/20/2018,174
2,17,511774,21 LIGHT ORANGE-BOTTOM,JJP398H8,9.7,3/20/2018,124
2,17,511936,21 LIGHT ORANGE-BOTTOM,JJP398H8,9.7,3/22/2018,340
2,17,511936,21 LIGHT ORANGE-BOTTOM,JJP398H8,9.7,3/23/2018,19
2,17,511782,69 NAVY-BOTTOM,JJP398H8,9.7,3/26/2018,10
2,17,511782,69 NAVY-BOTTOM,JJP398H8,9.7,3/27/2018,262
2,17,511789,69 NAVY-BOTTOM,JJP398H8,9.7,3/27/2018,130
2,17,511789,69 NAVY-BOTTOM,JJP398H8,9.7,3/28/2018,19
2,17,511794,69 NAVY-BOTTOM,JJP398H8,9.7,3/28/2018,38
2,17,511939,21 LIGHT ORANGE-BOTTOM,JJP398H8,9.7,3/20/2018,27
2,17,511939,21 LIGHT ORANGE-BOTTOM,JJP398H8,9.7,3/21/2018,245
2,17,502834,69 NAVY-BOTTOM,JJP398H8,9.7,3/5/2018,35
2,17,502834,69 NAVY-BOTTOM,JJP398H8,9.7,3/6/2018,70
2,17,502834,69 NAVY-BOTTOM,JJP398H8,9.7,3/7/2018,105
2,17,502834,69 NAVY-BOTTOM,JJP398H8,9.7,3/8/2018,140
2,17,502834,69 NAVY-BOTTOM,JJP398H8,9.7,3/9/2018,174
2,17,502834,69 NAVY-BOTTOM,JJP398H8,9.7,3/12/2018,218
2,17,502834,69 NAVY-BOTTOM,JJP398H8,9.7,3/13/2018,262
2,17,502834,69 NAVY-BOTTOM,JJP398H8,9.7,3/14/2018,288
2,17,502834,69 NAVY-BOTTOM,JJP398H8,9.7,3/15/2018,127
2,17,509727,69 NAVY-BOTTOM,JJP398H8,9.7,3/29/2018,50
2,17,511946,69 NAVY-BOTTOM,JJP398H8,9.7,3/28/2018,136
2,17,511946,69 NAVY-BOTTOM,JJP398H8,9.7,3/29/2018,99
2,17,511948,69 NAVY-BOTTOM,JJP398H8,9.7,3/26/2018,149
2,17,511952,21 LIGHT ORANGE-BOTTOM,JJP398H8,9.7,3/21/2018,137
2,17,511954,69 NAVY-BOTTOM,JJP398H8,9.7,3/15/2018,124
2,17,511955,69 NAVY-BOTTOM,JJP398H8,9.7,3/23/2018,374
2,17,511955,69 NAVY-BOTTOM,JJP398H8,9.7,3/26/2018,18
2,17,511956,69 NAVY-BOTTOM,JJP398H8,9.7,3/29/2018,98
2,17,511959,69 NAVY-BOTTOM,JJP398H8,9.7,3/26/2018,130
2,19,511961,21 LIGHT ORANGE-TOP,JJP398H8,25.09,3/14/2018,109
2,19,511961,21 LIGHT ORANGE-TOP,JJP398H8,25.09,3/15/2018,238
2,19,511966,21 LIGHT ORANGE-TOP,JJP398H8,25.09,3/17/2018,6
2,19,511966,21 LIGHT ORANGE-TOP,JJP398H8,25.09,3/19/2018,361
2,19,511966,21 LIGHT ORANGE-TOP,JJP398H8,25.09,3/20/2018,378
2,19,511966,21 LIGHT ORANGE-TOP,JJP398H8,25.09,3/21/2018,244
2,19,502835,69 NAVY-TOP,JJP398H8,25.09,3/5/2018,29
2,19,502835,69 NAVY-TOP,JJP398H8,25.09,3/6/2018,68
2,19,502835,69 NAVY-TOP,JJP398H8,25.09,3/7/2018,100
2,19,502835,69 NAVY-TOP,JJP398H8,25.09,3/8/2018,139
2,19,502835,69 NAVY-TOP,JJP398H8,25.09,3/9/2018,171
2,19,502835,69 NAVY-TOP,JJP398H8,25.09,3/12/2018,217
2,19,502835,69 NAVY-TOP,JJP398H8,25.09,3/13/2018,258
2,19,502835,69 NAVY-TOP,JJP398H8,25.09,3/14/2018,181
2,19,511950,21 LIGHT ORANGE-TOP,JJP398H8,25.09,3/15/2018,68
2,19,511950,21 LIGHT ORANGE-TOP,JJP398H8,25.09,3/16/2018,106
2,19,511951,21 LIGHT ORANGE-TOP,JJP398H8,25.09,3/16/2018,217
2,19,511951,21 LIGHT ORANGE-TOP,JJP398H8,25.09,3/17/2018,331
2,19,502964,69 NAVY-TOP,JJP398H8,25.09,3/21/2018,150
2,19,502964,69 NAVY-TOP,JJP398H8,25.09,3/22/2018,395
2,19,502964,69 NAVY-TOP,JJP398H8,25.09,3/23/2018,395
2,19,502964,69 NAVY-TOP,JJP398H8,25.09,3/26/2018,161
2,19,509920,69 NAVY-TOP,JJP398H8,25.09,3/26/2018,234
2,19,509920,69 NAVY-TOP,JJP398H8,25.09,3/27/2018,395
2,19,509920,69 NAVY-TOP,JJP398H8,25.09,3/28/2018,371
2,20,511961,21 LIGHT ORANGE-BOTTOM,JJP398H8,9.7,3/14/2018,127
2,20,511961,21 LIGHT ORANGE-BOTTOM,JJP398H8,9.7,3/15/2018,220
2,20,502964,69 NAVY-BOTTOM,JJP398H8,9.7,3/21/2018,163
2,20,502964,69 NAVY-BOTTOM,JJP398H8,9.7,3/22/2018,393
2,20,502964,69 NAVY-BOTTOM,JJP398H8,9.7,3/23/2018,393
2,20,502964,69 NAVY-BOTTOM,JJP398H8,9.7,3/26/2018,151
2,20,511966,21 LIGHT ORANGE-BOTTOM,JJP398H8,9.7,3/17/2018,27
2,20,511966,21 LIGHT ORANGE-BOTTOM,JJP398H8,9.7,3/19/2018,358
2,20,511966,21 LIGHT ORANGE-BOTTOM,JJP398H8,9.7,3/20/2018,375
2,20,511966,21 LIGHT ORANGE-BOTTOM,JJP398H8,9.7,3/21/2018,229
2,20,502835,69 NAVY-BOTTOM,JJP398H8,9.7,3/5/2018,35
2,20,502835,69 NAVY-BOTTOM,JJP398H8,9.7,3/6/2018,70
2,20,502835,69 NAVY-BOTTOM,JJP398H8,9.7,3/7/2018,105
2,20,502835,69 NAVY-BOTTOM,JJP398H8,9.7,3/8/2018,140
2,20,502835,69 NAVY-BOTTOM,JJP398H8,9.7,3/9/2018,174
2,20,502835,69 NAVY-BOTTOM,JJP398H8,9.7,3/12/2018,218
2,20,502835,69 NAVY-BOTTOM,JJP398H8,9.7,3/13/2018,262
2,20,502835,69 NAVY-BOTTOM,JJP398H8,9.7,3/14/2018,161
2,20,511950,21 LIGHT ORANGE-BOTTOM,JJP398H8,9.7,3/15/2018,85
2,20,511950,21 LIGHT ORANGE-BOTTOM,JJP398H8,9.7,3/16/2018,89
2,20,511951,21 LIGHT ORANGE-BOTTOM,JJP398H8,9.7,3/16/2018,234
2,20,511951,21 LIGHT ORANGE-BOTTOM,JJP398H8,9.7,3/17/2018,314
2,20,509920,69 NAVY-BOTTOM,JJP398H8,9.7,3/26/2018,242
2,20,509920,69 NAVY-BOTTOM,JJP398H8,9.7,3/27/2018,393
2,20,509920,69 NAVY-BOTTOM,JJP398H8,9.7,3/28/2018,365
2,21,511960,21 LIGHT ORANGE-TOP,JJP398H8,25.09,3/14/2018,149
2,21,511960,21 LIGHT ORANGE-TOP,JJP398H8,25.09,3/15/2018,292
2,21,511960,21 LIGHT ORANGE-TOP,JJP398H8,25.09,3/16/2018,301
2,21,502830,21 LIGHT ORANGE-TOP,JJP398H8,25.09,3/6/2018,32
2,21,502830,21 LIGHT ORANGE-TOP,JJP398H8,25.09,3/7/2018,71
2,21,502830,21 LIGHT ORANGE-TOP,JJP398H8,25.09,3/8/2018,103
2,21,502830,21 LIGHT ORANGE-TOP,JJP398H8,25.09,3/9/2018,142
2,21,502830,21 LIGHT ORANGE-TOP,JJP398H8,25.09,3/12/2018,174
2,21,502830,21 LIGHT ORANGE-TOP,JJP398H8,25.09,3/13/2018,221
2,21,502830,21 LIGHT ORANGE-TOP,JJP398H8,25.09,3/14/2018,112
2,21,509922,21 LIGHT ORANGE-TOP,JJP398H8,25.09,3/17/2018,323
2,21,509922,21 LIGHT ORANGE-TOP,JJP398H8,25.09,3/19/2018,339
2,21,509922,21 LIGHT ORANGE-TOP,JJP398H8,25.09,3/20/2018,338
2,21,509920,69 NAVY-TOP,JJP398H8,25.09,3/23/2018,92
2,21,509920,69 NAVY-TOP,JJP398H8,25.09,3/26/2018,395
2,21,509920,69 NAVY-TOP,JJP398H8,25.09,3/27/2018,395
2,21,509920,69 NAVY-TOP,JJP398H8,25.09,3/28/2018,118
2,21,511931,69 NAVY-TOP,JJP398H8,25.09,3/20/2018,25
2,21,511931,69 NAVY-TOP,JJP398H8,25.09,3/21/2018,378
2,21,511931,69 NAVY-TOP,JJP398H8,25.09,3/22/2018,394
2,21,511931,69 NAVY-TOP,JJP398H8,25.09,3/23/2018,302
2,22,511931,69 NAVY-BOTTOM,JJP398H8,9.7,3/20/2018,23
2,22,511931,69 NAVY-BOTTOM,JJP398H8,9.7,3/21/2018,375
2,22,511931,69 NAVY-BOTTOM,JJP398H8,9.7,3/22/2018,393
2,22,511931,69 NAVY-BOTTOM,JJP398H8,9.7,3/23/2018,308
2,22,511960,21 LIGHT ORANGE-BOTTOM,JJP398H8,9.7,3/14/2018,151
2,22,511960,21 LIGHT ORANGE-BOTTOM,JJP398H8,9.7,3/15/2018,288
2,22,511960,21 LIGHT ORANGE-BOTTOM,JJP398H8,9.7,3/16/2018,303
2,22,502830,21 LIGHT ORANGE-BOTTOM,JJP398H8,9.7,3/6/2018,35
2,22,502830,21 LIGHT ORANGE-BOTTOM,JJP398H8,9.7,3/7/2018,70
2,22,502830,21 LIGHT ORANGE-BOTTOM,JJP398H8,9.7,3/8/2018,105
2,22,502830,21 LIGHT ORANGE-BOTTOM,JJP398H8,9.7,3/9/2018,140
2,22,502830,21 LIGHT ORANGE-BOTTOM,JJP398H8,9.7,3/12/2018,174
2,22,502830,21 LIGHT ORANGE-BOTTOM,JJP398H8,9.7,3/13/2018,218
2,22,502830,21 LIGHT ORANGE-BOTTOM,JJP398H8,9.7,3/14/2018,111
2,22,509922,21 LIGHT ORANGE-BOTTOM,JJP398H8,9.7,3/16/2018,2
2,22,509922,21 LIGHT ORANGE-BOTTOM,JJP398H8,9.7,3/17/2018,323
2,22,509922,21 LIGHT ORANGE-BOTTOM,JJP398H8,9.7,3/19/2018,340
2,22,509922,21 LIGHT ORANGE-BOTTOM,JJP398H8,9.7,3/20/2018,335
2,22,509920,69 NAVY-BOTTOM,JJP398H8,9.7,3/23/2018,85
2,22,509920,69 NAVY-BOTTOM,JJP398H8,9.7,3/26/2018,393
2,22,509920,69 NAVY-BOTTOM,JJP398H8,9.7,3/27/2018,393
2,22,509920,69 NAVY-BOTTOM,JJP398H8,9.7,3/28/2018,130
2,23,511958,69 NAVY-TOP,JJP398H8,25.09,3/26/2018,11
2,23,511958,69 NAVY-TOP,JJP398H8,25.09,3/27/2018,395
2,23,511958,69 NAVY-TOP,JJP398H8,25.09,3/28/2018,395
2,23,511958,69 NAVY-TOP,JJP398H8,25.09,3/29/2018,78
2,23,502964,69 NAVY-TOP,JJP398H8,25.09,3/22/2018,322
2,23,502964,69 NAVY-TOP,JJP398H8,25.09,3/23/2018,395
2,23,502964,69 NAVY-TOP,JJP398H8,25.09,3/26/2018,384
2,23,511970,69 NAVY-TOP,JJP398H8,25.09,3/14/2018,37
2,23,511970,69 NAVY-TOP,JJP398H8,25.09,3/15/2018,292
2,23,511970,69 NAVY-TOP,JJP398H8,25.09,3/16/2018,308
2,23,511970,69 NAVY-TOP,JJP398H8,25.09,3/17/2018,324
2,23,511970,69 NAVY-TOP,JJP398H8,25.09,3/19/2018,301
2,23,511929,21 LIGHT ORANGE-TOP,JJP398H8,25.09,3/19/2018,38
2,23,511929,21 LIGHT ORANGE-TOP,JJP398H8,25.09,3/20/2018,363
2,23,511929,21 LIGHT ORANGE-TOP,JJP398H8,25.09,3/21/2018,379
2,23,511929,21 LIGHT ORANGE-TOP,JJP398H8,25.09,3/22/2018,73
2,23,502829,21 LIGHT ORANGE-TOP,JJP398H8,25.09,3/6/2018,32
2,23,502829,21 LIGHT ORANGE-TOP,JJP398H8,25.09,3/7/2018,71
2,23,502829,21 LIGHT ORANGE-TOP,JJP398H8,25.09,3/8/2018,103
2,23,502829,21 LIGHT ORANGE-TOP,JJP398H8,25.09,3/9/2018,142
2,23,502829,21 LIGHT ORANGE-TOP,JJP398H8,25.09,3/12/2018,174
2,23,502829,21 LIGHT ORANGE-TOP,JJP398H8,25.09,3/13/2018,221
2,23,502829,21 LIGHT ORANGE-TOP,JJP398H8,25.09,3/14/2018,224
2,24,511958,69 NAVY-BOTTOM,JJP398H8,9.7,3/27/2018,385
2,24,511958,69 NAVY-BOTTOM,JJP398H8,9.7,3/28/2018,393
2,24,511958,69 NAVY-BOTTOM,JJP398H8,9.7,3/29/2018,100
2,24,502964,69 NAVY-BOTTOM,JJP398H8,9.7,3/22/2018,307
2,24,502964,69 NAVY-BOTTOM,JJP398H8,9.7,3/23/2018,393
2,24,502964,69 NAVY-BOTTOM,JJP398H8,9.7,3/26/2018,393
2,24,502964,69 NAVY-BOTTOM,JJP398H8,9.7,3/27/2018,8
2,24,511970,69 NAVY-BOTTOM,JJP398H8,9.7,3/14/2018,38
2,24,511970,69 NAVY-BOTTOM,JJP398H8,9.7,3/15/2018,288
2,24,511970,69 NAVY-BOTTOM,JJP398H8,9.7,3/16/2018,305
2,24,511970,69 NAVY-BOTTOM,JJP398H8,9.7,3/17/2018,323
2,24,511970,69 NAVY-BOTTOM,JJP398H8,9.7,3/19/2018,306
2,24,511929,21 LIGHT ORANGE-BOTTOM,JJP398H8,9.7,3/19/2018,34
2,24,511929,21 LIGHT ORANGE-BOTTOM,JJP398H8,9.7,3/20/2018,358
2,24,511929,21 LIGHT ORANGE-BOTTOM,JJP398H8,9.7,3/21/2018,375
2,24,511929,21 LIGHT ORANGE-BOTTOM,JJP398H8,9.7,3/22/2018,86
2,24,502829,21 LIGHT ORANGE-BOTTOM,JJP398H8,9.7,3/6/2018,35
2,24,502829,21 LIGHT ORANGE-BOTTOM,JJP398H8,9.7,3/7/2018,70
2,24,502829,21 LIGHT ORANGE-BOTTOM,JJP398H8,9.7,3/8/2018,105
2,24,502829,21 LIGHT ORANGE-BOTTOM,JJP398H8,9.7,3/9/2018,140
2,24,502829,21 LIGHT ORANGE-BOTTOM,JJP398H8,9.7,3/12/2018,174
2,24,502829,21 LIGHT ORANGE-BOTTOM,JJP398H8,9.7,3/13/2018,218
2,24,502829,21 LIGHT ORANGE-BOTTOM,JJP398H8,9.7,3/14/2018,223
2,25,502881,21 LIGHT ORANGE-TOP,JJP398H8,25.09,3/2/2018,27
2,25,502881,21 LIGHT ORANGE-TOP,JJP398H8,25.09,3/5/2018,68
2,25,502881,21 LIGHT ORANGE-TOP,JJP398H8,25.09,3/6/2018,100
2,25,502881,21 LIGHT ORANGE-TOP,JJP398H8,25.09,3/7/2018,139
2,25,502881,21 LIGHT ORANGE-TOP,JJP398H8,25.09,3/8/2018,172
2,25,502881,21 LIGHT ORANGE-TOP,JJP398H8,25.09,3/9/2018,109
2,25,511962,21 LIGHT ORANGE-TOP,JJP398H8,25.09,3/17/2018,361
2,25,511962,21 LIGHT ORANGE-TOP,JJP398H8,25.09,3/19/2018,344
2,25,511970,69 NAVY-TOP,JJP398H8,25.09,3/13/2018,33
2,25,511970,69 NAVY-TOP,JJP398H8,25.09,3/14/2018,307
2,25,511970,69 NAVY-TOP,JJP398H8,25.09,3/15/2018,323
2,25,511970,69 NAVY-TOP,JJP398H8,25.09,3/16/2018,338
2,25,502964,69 NAVY-TOP,JJP398H8,25.09,3/21/2018,382
2,25,502964,69 NAVY-TOP,JJP398H8,25.09,3/22/2018,395
2,25,502964,69 NAVY-TOP,JJP398H8,25.09,3/23/2018,395
2,25,502964,69 NAVY-TOP,JJP398H8,25.09,3/26/2018,395
2,25,502964,69 NAVY-TOP,JJP398H8,25.09,3/27/2018,359
2,25,511930,21 LIGHT ORANGE-TOP,JJP398H8,25.09,3/19/2018,34
2,25,511930,21 LIGHT ORANGE-TOP,JJP398H8,25.09,3/20/2018,394
2,25,511930,21 LIGHT ORANGE-TOP,JJP398H8,25.09,3/21/2018,12
2,25,502832,69 NAVY-TOP,JJP398H8,25.09,3/9/2018,109
2,25,502832,69 NAVY-TOP,JJP398H8,25.09,3/12/2018,258
2,25,502832,69 NAVY-TOP,JJP398H8,25.09,3/13/2018,257
2,26,511962,21 LIGHT ORANGE-BOTTOM,JJP398H8,9.7,3/16/2018,23
2,26,511962,21 LIGHT ORANGE-BOTTOM,JJP398H8,9.7,3/17/2018,358
2,26,511962,21 LIGHT ORANGE-BOTTOM,JJP398H8,9.7,3/19/2018,324
2,26,511970,69 NAVY-BOTTOM,JJP398H8,9.7,3/13/2018,55
2,26,511970,69 NAVY-BOTTOM,JJP398H8,9.7,3/14/2018,305
2,26,511970,69 NAVY-BOTTOM,JJP398H8,9.7,3/15/2018,323
2,26,511970,69 NAVY-BOTTOM,JJP398H8,9.7,3/16/2018,317
2,26,502964,69 NAVY-BOTTOM,JJP398H8,9.7,3/20/2018,5
2,26,502964,69 NAVY-BOTTOM,JJP398H8,9.7,3/21/2018,393
2,26,502964,69 NAVY-BOTTOM,JJP398H8,9.7,3/22/2018,393
2,26,502964,69 NAVY-BOTTOM,JJP398H8,9.7,3/23/2018,393
2,26,502964,69 NAVY-BOTTOM,JJP398H8,9.7,3/26/2018,393
2,26,502964,69 NAVY-BOTTOM,JJP398H8,9.7,3/27/2018,349
2,26,511930,21 LIGHT ORANGE-BOTTOM,JJP398H8,9.7,3/19/2018,52
2,26,511930,21 LIGHT ORANGE-BOTTOM,JJP398H8,9.7,3/20/2018,388
2,26,502832,69 NAVY-BOTTOM,JJP398H8,9.7,3/9/2018,129
2,26,502832,69 NAVY-BOTTOM,JJP398H8,9.7,3/12/2018,262
2,26,502832,69 NAVY-BOTTOM,JJP398H8,9.7,3/13/2018,233
2,26,502881,21 LIGHT ORANGE-BOTTOM,JJP398H8,9.7,3/2/2018,35
2,26,502881,21 LIGHT ORANGE-BOTTOM,JJP398H8,9.7,3/5/2018,70
2,26,502881,21 LIGHT ORANGE-BOTTOM,JJP398H8,9.7,3/6/2018,105
2,26,502881,21 LIGHT ORANGE-BOTTOM,JJP398H8,9.7,3/7/2018,140
2,26,502881,21 LIGHT ORANGE-BOTTOM,JJP398H8,9.7,3/8/2018,175
2,26,502881,21 LIGHT ORANGE-BOTTOM,JJP398H8,9.7,3/9/2018,89
2,27,509921,21 LIGHT ORANGE-TOP,JJP398H8,25.09,3/15/2018,27
2,27,509921,21 LIGHT ORANGE-TOP,JJP398H8,25.09,3/16/2018,308
2,27,509921,21 LIGHT ORANGE-TOP,JJP398H8,25.09,3/17/2018,324
2,27,509921,21 LIGHT ORANGE-TOP,JJP398H8,25.09,3/19/2018,339
2,27,509921,21 LIGHT ORANGE-TOP,JJP398H8,25.09,3/20/2018,363
2,27,509921,21 LIGHT ORANGE-TOP,JJP398H8,25.09,3/21/2018,139
2,27,511947,69 NAVY-TOP,JJP398H8,25.09,3/26/2018,360
2,27,511947,69 NAVY-TOP,JJP398H8,25.09,3/27/2018,382
2,27,502922,69 NAVY-TOP,JJP398H8,25.09,3/27/2018,12
2,27,502922,69 NAVY-TOP,JJP398H8,25.09,3/28/2018,285
2,27,511931,69 NAVY-TOP,JJP398H8,25.09,3/21/2018,239
2,27,511931,69 NAVY-TOP,JJP398H8,25.09,3/22/2018,395
2,27,511931,69 NAVY-TOP,JJP398H8,25.09,3/23/2018,395
2,27,511931,69 NAVY-TOP,JJP398H8,25.09,3/26/2018,35
2,27,502833,69 NAVY-TOP,JJP398H8,25.09,3/6/2018,32
2,27,502833,69 NAVY-TOP,JJP398H8,25.09,3/7/2018,71
2,27,502833,69 NAVY-TOP,JJP398H8,25.09,3/8/2018,103
2,27,502833,69 NAVY-TOP,JJP398H8,25.09,3/9/2018,142
2,27,502833,69 NAVY-TOP,JJP398H8,25.09,3/12/2018,174
2,27,502833,69 NAVY-TOP,JJP398H8,25.09,3/13/2018,103
2,27,502835,69 NAVY-TOP,JJP398H8,25.09,3/13/2018,117
2,27,502835,69 NAVY-TOP,JJP398H8,25.09,3/14/2018,260
2,27,502835,69 NAVY-TOP,JJP398H8,25.09,3/15/2018,264
2,28,502922,69 NAVY-BOTTOM,JJP398H8,9.7,3/28/2018,297
2,28,509921,21 LIGHT ORANGE-BOTTOM,JJP398H8,9.7,3/15/2018,25
2,28,509921,21 LIGHT ORANGE-BOTTOM,JJP398H8,9.7,3/16/2018,305
2,28,509921,21 LIGHT ORANGE-BOTTOM,JJP398H8,9.7,3/17/2018,323
2,28,509921,21 LIGHT ORANGE-BOTTOM,JJP398H8,9.7,3/19/2018,340
2,28,509921,21 LIGHT ORANGE-BOTTOM,JJP398H8,9.7,3/20/2018,358
2,28,509921,21 LIGHT ORANGE-BOTTOM,JJP398H8,9.7,3/21/2018,148
2,28,511931,69 NAVY-BOTTOM,JJP398H8,9.7,3/21/2018,228
2,28,511931,69 NAVY-BOTTOM,JJP398H8,9.7,3/22/2018,393
2,28,511931,69 NAVY-BOTTOM,JJP398H8,9.7,3/23/2018,393
2,28,511931,69 NAVY-BOTTOM,JJP398H8,9.7,3/26/2018,50
2,28,502833,69 NAVY-BOTTOM,JJP398H8,9.7,3/6/2018,35
2,28,502833,69 NAVY-BOTTOM,JJP398H8,9.7,3/7/2018,70
2,28,502833,69 NAVY-BOTTOM,JJP398H8,9.7,3/8/2018,105
2,28,502833,69 NAVY-BOTTOM,JJP398H8,9.7,3/9/2018,140
2,28,502833,69 NAVY-BOTTOM,JJP398H8,9.7,3/12/2018,174
2,28,502833,69 NAVY-BOTTOM,JJP398H8,9.7,3/13/2018,101
2,28,511947,69 NAVY-BOTTOM,JJP398H8,9.7,3/26/2018,342
2,28,511947,69 NAVY-BOTTOM,JJP398H8,9.7,3/27/2018,393
2,28,511947,69 NAVY-BOTTOM,JJP398H8,9.7,3/28/2018,7
2,28,502835,69 NAVY-BOTTOM,JJP398H8,9.7,3/13/2018,117
2,28,502835,69 NAVY-BOTTOM,JJP398H8,9.7,3/14/2018,262
2,28,502835,69 NAVY-BOTTOM,JJP398H8,9.7,3/15/2018,263
2,29,511969,69 NAVY-TOP,JJP398H8,25.09,3/14/2018,47
2,29,511969,69 NAVY-TOP,JJP398H8,25.09,3/15/2018,257
2,29,511969,69 NAVY-TOP,JJP398H8,25.09,3/16/2018,289
2,29,511969,69 NAVY-TOP,JJP398H8,25.09,3/17/2018,306
2,29,511969,69 NAVY-TOP,JJP398H8,25.09,3/19/2018,322
2,29,511969,69 NAVY-TOP,JJP398H8,25.09,3/20/2018,338
2,29,511969,69 NAVY-TOP,JJP398H8,25.09,3/21/2018,73
2,29,502833,69 NAVY-TOP,JJP398H8,25.09,3/7/2018,29
2,29,502833,69 NAVY-TOP,JJP398H8,25.09,3/8/2018,68
2,29,502833,69 NAVY-TOP,JJP398H8,25.09,3/9/2018,100
2,29,502833,69 NAVY-TOP,JJP398H8,25.09,3/12/2018,139
2,29,502833,69 NAVY-TOP,JJP398H8,25.09,3/13/2018,171
2,29,502833,69 NAVY-TOP,JJP398H8,25.09,3/14/2018,166
2,29,502927,69 NAVY-TOP,JJP398H8,25.09,3/28/2018,277
2,29,502927,69 NAVY-TOP,JJP398H8,25.09,3/29/2018,173
2,29,511957,69 NAVY-TOP,JJP398H8,25.09,3/26/2018,315
2,29,511932,69 NAVY-TOP,JJP398H8,25.09,3/21/2018,287
2,29,511932,69 NAVY-TOP,JJP398H8,25.09,3/22/2018,377
2,29,511932,69 NAVY-TOP,JJP398H8,25.09,3/23/2018,393
2,29,511932,69 NAVY-TOP,JJP398H8,25.09,3/26/2018,42
2,29,511958,69 NAVY-TOP,JJP398H8,25.09,3/26/2018,38
2,29,511958,69 NAVY-TOP,JJP398H8,25.09,3/27/2018,395
2,29,511958,69 NAVY-TOP,JJP398H8,25.09,3/28/2018,117
2,30,511969,69 NAVY-BOTTOM,JJP398H8,9.7,3/14/2018,52
2,30,511969,69 NAVY-BOTTOM,JJP398H8,9.7,3/15/2018,259
2,30,511969,69 NAVY-BOTTOM,JJP398H8,9.7,3/16/2018,286
2,30,511969,69 NAVY-BOTTOM,JJP398H8,9.7,3/17/2018,304
2,30,511969,69 NAVY-BOTTOM,JJP398H8,9.7,3/19/2018,322
2,30,511969,69 NAVY-BOTTOM,JJP398H8,9.7,3/20/2018,339
2,30,511969,69 NAVY-BOTTOM,JJP398H8,9.7,3/21/2018,71
2,30,502833,69 NAVY-BOTTOM,JJP398H8,9.7,3/7/2018,32
2,30,502833,69 NAVY-BOTTOM,JJP398H8,9.7,3/8/2018,67
2,30,502833,69 NAVY-BOTTOM,JJP398H8,9.7,3/9/2018,102
2,30,502833,69 NAVY-BOTTOM,JJP398H8,9.7,3/12/2018,137
2,30,502833,69 NAVY-BOTTOM,JJP398H8,9.7,3/13/2018,172
2,30,502833,69 NAVY-BOTTOM,JJP398H8,9.7,3/14/2018,163
2,30,502927,69 NAVY-BOTTOM,JJP398H8,9.7,3/28/2018,264
2,30,502927,69 NAVY-BOTTOM,JJP398H8,9.7,3/29/2018,186
2,30,511957,69 NAVY-BOTTOM,JJP398H8,9.7,3/26/2018,315
2,30,511958,69 NAVY-BOTTOM,JJP398H8,9.7,3/26/2018,28
2,30,511958,69 NAVY-BOTTOM,JJP398H8,9.7,3/27/2018,393
2,30,511958,69 NAVY-BOTTOM,JJP398H8,9.7,3/28/2018,129
2,30,511932,69 NAVY-BOTTOM,JJP398H8,9.7,3/21/2018,285
2,30,511932,69 NAVY-BOTTOM,JJP398H8,9.7,3/22/2018,374
2,30,511932,69 NAVY-BOTTOM,JJP398H8,9.7,3/23/2018,391
2,30,511932,69 NAVY-BOTTOM,JJP398H8,9.7,3/26/2018,49
2,31,502927,69 NAVY-TOP,JJP398H8,25.09,3/20/2018,26
2,31,502927,69 NAVY-TOP,JJP398H8,25.09,3/21/2018,395
2,31,502927,69 NAVY-TOP,JJP398H8,25.09,3/22/2018,395
2,31,502927,69 NAVY-TOP,JJP398H8,25.09,3/23/2018,395
2,31,502927,69 NAVY-TOP,JJP398H8,25.09,3/26/2018,395
2,31,502927,69 NAVY-TOP,JJP398H8,25.09,3/27/2018,253
2,31,511963,21 LIGHT ORANGE-TOP,JJP398H8,25.09,3/15/2018,218
2,31,511963,21 LIGHT ORANGE-TOP,JJP398H8,25.09,3/16/2018,360
2,31,511963,21 LIGHT ORANGE-TOP,JJP398H8,25.09,3/17/2018,28
2,31,502835,69 NAVY-TOP,JJP398H8,25.09,3/12/2018,274
2,31,502835,69 NAVY-TOP,JJP398H8,25.09,3/13/2018,306
2,31,502835,69 NAVY-TOP,JJP398H8,25.09,3/14/2018,322
2,31,502835,69 NAVY-TOP,JJP398H8,25.09,3/15/2018,119
2,31,509922,21 LIGHT ORANGE-TOP,JJP398H8,25.09,3/17/2018,349
2,31,509922,21 LIGHT ORANGE-TOP,JJP398H8,25.09,3/19/2018,393
2,31,509922,21 LIGHT ORANGE-TOP,JJP398H8,25.09,3/20/2018,369
2,31,502881,21 LIGHT ORANGE-TOP,JJP398H8,25.09,3/2/2018,38
2,31,502881,21 LIGHT ORANGE-TOP,JJP398H8,25.09,3/5/2018,99
2,31,502881,21 LIGHT ORANGE-TOP,JJP398H8,25.09,3/6/2018,137
2,31,502881,21 LIGHT ORANGE-TOP,JJP398H8,25.09,3/7/2018,170
2,31,502881,21 LIGHT ORANGE-TOP,JJP398H8,25.09,3/8/2018,215
2,31,502881,21 LIGHT ORANGE-TOP,JJP398H8,25.09,3/9/2018,255
2,31,502881,21 LIGHT ORANGE-TOP,JJP398H8,25.09,3/12/2018,14
2,32,502927,69 NAVY-BOTTOM,JJP398H8,9.7,3/21/2018,346
2,32,502927,69 NAVY-BOTTOM,JJP398H8,9.7,3/22/2018,393
2,32,502927,69 NAVY-BOTTOM,JJP398H8,9.7,3/23/2018,393
2,32,502927,69 NAVY-BOTTOM,JJP398H8,9.7,3/26/2018,393
2,32,502927,69 NAVY-BOTTOM,JJP398H8,9.7,3/27/2018,333
2,32,511963,21 LIGHT ORANGE-BOTTOM,JJP398H8,9.7,3/15/2018,165
2,32,511963,21 LIGHT ORANGE-BOTTOM,JJP398H8,9.7,3/16/2018,353
2,32,511963,21 LIGHT ORANGE-BOTTOM,JJP398H8,9.7,3/17/2018,88
2,32,509922,21 LIGHT ORANGE-BOTTOM,JJP398H8,9.7,3/17/2018,283
2,32,509922,21 LIGHT ORANGE-BOTTOM,JJP398H8,9.7,3/19/2018,388
2,32,509922,21 LIGHT ORANGE-BOTTOM,JJP398H8,9.7,3/20/2018,393
2,32,509922,21 LIGHT ORANGE-BOTTOM,JJP398H8,9.7,3/21/2018,46
2,32,502835,69 NAVY-BOTTOM,JJP398H8,9.7,3/12/2018,230
2,32,502835,69 NAVY-BOTTOM,JJP398H8,9.7,3/13/2018,301
2,32,502835,69 NAVY-BOTTOM,JJP398H8,9.7,3/14/2018,318
2,32,502835,69 NAVY-BOTTOM,JJP398H8,9.7,3/15/2018,171
2,32,502881,21 LIGHT ORANGE-BOTTOM,JJP398H8,9.7,3/2/2018,35
2,32,502881,21 LIGHT ORANGE-BOTTOM,JJP398H8,9.7,3/5/2018,96
2,32,502881,21 LIGHT ORANGE-BOTTOM,JJP398H8,9.7,3/6/2018,130
2,32,502881,21 LIGHT ORANGE-BOTTOM,JJP398H8,9.7,3/7/2018,165
2,32,502881,21 LIGHT ORANGE-BOTTOM,JJP398H8,9.7,3/8/2018,207
2,32,502881,21 LIGHT ORANGE-BOTTOM,JJP398H8,9.7,3/9/2018,250
2,32,502881,21 LIGHT ORANGE-BOTTOM,JJP398H8,9.7,3/12/2018,51
2,33,511970,69 NAVY-TOP,JJP398H8,25.09,3/14/2018,23
2,33,511970,69 NAVY-TOP,JJP398H8,25.09,3/15/2018,308
2,33,511970,69 NAVY-TOP,JJP398H8,25.09,3/16/2018,324
2,33,511970,69 NAVY-TOP,JJP398H8,25.09,3/17/2018,339
2,33,511970,69 NAVY-TOP,JJP398H8,25.09,3/19/2018,206
2,33,502835,69 NAVY-TOP,JJP398H8,25.09,3/12/2018,118
2,33,502835,69 NAVY-TOP,JJP398H8,25.09,3/13/2018,261
2,33,502835,69 NAVY-TOP,JJP398H8,25.09,3/14/2018,269
2,33,511933,21 LIGHT ORANGE-TOP,JJP398H8,25.09,3/20/2018,50
2,33,502927,69 NAVY-TOP,JJP398H8,25.09,3/20/2018,188
2,33,502927,69 NAVY-TOP,JJP398H8,25.09,3/21/2018,395
2,33,502927,69 NAVY-TOP,JJP398H8,25.09,3/22/2018,395
2,33,502927,69 NAVY-TOP,JJP398H8,25.09,3/23/2018,395
2,33,502927,69 NAVY-TOP,JJP398H8,25.09,3/26/2018,128
2,33,511934,21 LIGHT ORANGE-TOP,JJP398H8,25.09,3/19/2018,157
2,33,511934,21 LIGHT ORANGE-TOP,JJP398H8,25.09,3/20/2018,140
2,33,502881,21 LIGHT ORANGE-TOP,JJP398H8,25.09,3/5/2018,32
2,33,502881,21 LIGHT ORANGE-TOP,JJP398H8,25.09,3/6/2018,71
2,33,502881,21 LIGHT ORANGE-TOP,JJP398H8,25.09,3/7/2018,103
2,33,502881,21 LIGHT ORANGE-TOP,JJP398H8,25.09,3/8/2018,142
2,33,502881,21 LIGHT ORANGE-TOP,JJP398H8,25.09,3/9/2018,174
2,33,502881,21 LIGHT ORANGE-TOP,JJP398H8,25.09,3/12/2018,103
2,33,511953,69 NAVY-TOP,JJP398H8,25.09,3/26/2018,266
2,33,511953,69 NAVY-TOP,JJP398H8,25.09,3/27/2018,395
2,33,511953,69 NAVY-TOP,JJP398H8,25.09,3/28/2018,10
2,34,511970,69 NAVY-BOTTOM,JJP398H8,9.7,3/14/2018,22
2,34,511970,69 NAVY-BOTTOM,JJP398H8,9.7,3/15/2018,305
2,34,511970,69 NAVY-BOTTOM,JJP398H8,9.7,3/16/2018,323
2,34,511970,69 NAVY-BOTTOM,JJP398H8,9.7,3/17/2018,340
2,34,511970,69 NAVY-BOTTOM,JJP398H8,9.7,3/19/2018,210
2,34,502927,69 NAVY-BOTTOM,JJP398H8,9.7,3/20/2018,176
2,34,502927,69 NAVY-BOTTOM,JJP398H8,9.7,3/21/2018,393
2,34,502927,69 NAVY-BOTTOM,JJP398H8,9.7,3/22/2018,393
2,34,502927,69 NAVY-BOTTOM,JJP398H8,9.7,3/23/2018,393
2,34,502927,69 NAVY-BOTTOM,JJP398H8,9.7,3/26/2018,146
2,34,502835,69 NAVY-BOTTOM,JJP398H8,9.7,3/12/2018,120
2,34,502835,69 NAVY-BOTTOM,JJP398H8,9.7,3/13/2018,262
2,34,502835,69 NAVY-BOTTOM,JJP398H8,9.7,3/14/2018,266
2,34,511933,21 LIGHT ORANGE-BOTTOM,JJP398H8,9.7,3/20/2018,50
2,34,511934,21 LIGHT ORANGE-BOTTOM,JJP398H8,9.7,3/19/2018,148
2,34,511934,21 LIGHT ORANGE-BOTTOM,JJP398H8,9.7,3/20/2018,149
2,34,502881,21 LIGHT ORANGE-BOTTOM,JJP398H8,9.7,3/5/2018,35
2,34,502881,21 LIGHT ORANGE-BOTTOM,JJP398H8,9.7,3/6/2018,70
2,34,502881,21 LIGHT ORANGE-BOTTOM,JJP398H8,9.7,3/7/2018,105
2,34,502881,21 LIGHT ORANGE-BOTTOM,JJP398H8,9.7,3/8/2018,140
2,34,502881,21 LIGHT ORANGE-BOTTOM,JJP398H8,9.7,3/9/2018,175
2,34,502881,21 LIGHT ORANGE-BOTTOM,JJP398H8,9.7,3/12/2018,98
2,34,511953,69 NAVY-BOTTOM,JJP398H8,9.7,3/26/2018,247
2,34,511953,69 NAVY-BOTTOM,JJP398H8,9.7,3/27/2018,393
2,34,511953,69 NAVY-BOTTOM,JJP398H8,9.7,3/28/2018,21
2,35,494702,TRBLC : TURBULENCE GREY,ABZ04SS8,7.83,3/27/2018,563
2,35,494702,TRBLC : TURBULENCE GREY,ABZ04SS8,7.83,3/28/2018,1011
2,35,494702,TRBLC : TURBULENCE GREY,ABZ04SS8,7.83,3/29/2018,1011
2,35,494702,TRBLC : TURBULENCE GREY,ABZ04SS8,7.83,3/30/2018,1011
2,35,494709,TRBLC : TURBULENCE GREY,ABZ04SS8,7.83,3/27/2018,11
2,35,494716,TRBLC : TURBULENCE GREY,ABZ04SS8,7.83,3/27/2018,11
2,35,494719,DRBLU : DRESS BLUES,AZZ04SF8,6.97,3/2/2018,224
2,35,494721,TRBLC : TURBULENCE GREY,AZZ04SF8,6.97,3/2/2018,905
2,35,494721,TRBLC : TURBULENCE GREY,AZZ04SF8,6.97,3/5/2018,127
2,35,494725,TRBLC : TURBULENCE GREY,AZZ04SF8,6.97,3/2/2018,11
2,35,493260,BLUMI:BLUE MIRAGE,AZZ04SF8,6.97,3/5/2018,245
2,35,493260,BLUMI:BLUE MIRAGE,AZZ04SF8,6.97,3/6/2018,1136
2,35,493260,BLUMI:BLUE MIRAGE,AZZ04SF8,6.97,3/7/2018,1136
2,35,493260,BLUMI:BLUE MIRAGE,AZZ04SF8,6.97,3/8/2018,778
2,35,493261,WHT:WHITE,AZZ04SF8,6.97,3/8/2018,245
2,35,493261,WHT:WHITE,AZZ04SF8,6.97,3/9/2018,1136
2,35,493261,WHT:WHITE,AZZ04SF8,6.97,3/12/2018,1091
2,35,493266,WHTBL:WHITE/BLACK,AB806SF8,7.83,3/23/2018,708
2,35,493266,WHTBL:WHITE/BLACK,AB806SF8,7.83,3/26/2018,736
2,35,493266,WHTBL:WHITE/BLACK,AB806SF8,7.83,3/27/2018,204
2,35,493268,BLUMI:BLUE MIRAGE,AZZ04SF8,6.97,3/5/2018,11
2,35,493268,WHT:WHITE,AZZ04SF8,6.97,3/8/2018,11
2,35,494670,BLK : BLACK,AHL18SF8,7.76,3/15/2018,4
2,35,494670,TRBLC : TURBULENCE GREY,AHL18SF8,7.76,3/15/2018,4
2,35,493294,DBBKC:DRESS BLUES/BLACK,AB804SF8,7.83,3/16/2018,200
2,35,494674,BLK : BLACK,AHL18SF8,7.76,3/15/2018,11
2,35,493295,TBBKC:TURBULENCE/BLACK,AB804SF8,7.83,3/19/2018,996
2,35,493295,TBBKC:TURBULENCE/BLACK,AB804SF8,7.83,3/20/2018,1011
2,35,493295,TBBKC:TURBULENCE/BLACK,AB804SF8,7.83,3/21/2018,53
2,35,494674,TRBLC : TURBULENCE GREY,AHL18SF8,7.76,3/15/2018,11
2,35,493296,WHTBL:WHITE/BLACK,AB804SF8,7.83,3/21/2018,948
2,35,493296,WHTBL:WHITE/BLACK,AB804SF8,7.83,3/22/2018,494
2,35,494677,BLK : BLACK,AFL18SF8,8.9,3/14/2018,4
2,35,493294,DBBKC:DRESS BLUES/BLACK,AB804SF8,7.83,3/16/2018,500
2,35,494677,DBCMO:DRESS BLUES CAMO,AFL18SF8,8.9,3/14/2018,4
2,35,493294,DBBKC:DRESS BLUES/BLACK,AB804SF8,7.83,3/16/2018,155
2,35,493294,DBBKC:DRESS BLUES/BLACK,AB804SF8,7.83,3/17/2018,999
2,35,494677,TRBLC : TURBULENCE GREY,AFL18SF8,8.9,3/14/2018,4
2,35,493304,DBBKC:DRESS BLUES/BLACK,AB804SF8,7.83,3/17/2018,11
2,35,493305,TBBKC:TURBULENCE/BLACK,AB804SF8,7.83,3/19/2018,11
2,35,493306,WHTBL:WHITE/BLACK,AB804SF8,7.83,3/21/2018,11
2,35,493307,REFLB:REFLECTINGPOND/BLACK,AB804SF8,7.83,3/17/2018,3
2,35,493307,REFLB:REFLECTINGPOND/BLACK,AB804SF8,7.83,3/19/2018,8
2,35,494681,BLK : BLACK,AFL18SF8,8.9,3/14/2018,11
2,35,493308,BLCKB:BLACKBERRYCORDIAL/BLACK,AB804SF8,7.83,3/16/2018,11
2,35,494681,DBCMO:DRESS BLUES CAMO,AFL18SF8,8.9,3/14/2018,11
2,35,494681,TRBLC : TURBULENCE GREY,AFL18SF8,8.9,3/14/2018,11
2,36,494689,BLK : BLACK,ABZ06SS8,7.83,3/26/2018,11
2,36,493259,BLUMI:BLUE MIRAGE,AZZ06SF8,6.97,3/14/2018,1044
2,36,493259,BLUMI:BLUE MIRAGE,AZZ06SF8,6.97,3/15/2018,1136
2,36,493259,BLUMI:BLUE MIRAGE,AZZ06SF8,6.97,3/16/2018,807
2,36,494727,DRBLU : DRESS BLUES,AZZ06SF8,6.97,3/2/2018,874
2,36,494727,DRBLU : DRESS BLUES,AZZ06SF8,6.97,3/5/2018,1136
2,36,494727,DRBLU : DRESS BLUES,AZZ06SF8,6.97,3/6/2018,1136
2,36,494727,DRBLU : DRESS BLUES,AZZ06SF8,6.97,3/7/2018,530
2,36,494728,TRBLC : TURBULENCE GREY,AZZ06SF8,6.97,3/7/2018,593
2,36,494728,TRBLC : TURBULENCE GREY,AZZ06SF8,6.97,3/8/2018,1136
2,36,494728,TRBLC : TURBULENCE GREY,AZZ06SF8,6.97,3/9/2018,1136
2,36,494728,TRBLC : TURBULENCE GREY,AZZ06SF8,6.97,3/12/2018,1136
2,36,494728,TRBLC : TURBULENCE GREY,AZZ06SF8,6.97,3/13/2018,1136
2,36,494728,TRBLC : TURBULENCE GREY,AZZ06SF8,6.97,3/14/2018,83
2,36,494729,TRBLC : TURBULENCE GREY,AZZ06SF8,6.97,3/7/2018,11
2,36,493265,TBBKC:TURBULENCE/BLACK,AB806SF8,7.83,3/22/2018,847
2,36,493265,TBBKC:TURBULENCE/BLACK,AB806SF8,7.83,3/23/2018,1011
2,36,493265,TBBKC:TURBULENCE/BLACK,AB806SF8,7.83,3/26/2018,510
2,36,494731,TRBLC : TURBULENCE GREY,AZZ06SF8,6.97,3/7/2018,11
2,36,493270,DBBKC:DRESS BLUES/BLACK,AB806SF8,7.83,3/20/2018,11
2,36,493271,TBBKC:TURBULENCE/BLACK,AB806SF8,7.83,3/19/2018,3
2,36,493271,TBBKC:TURBULENCE/BLACK,AB806SF8,7.83,3/20/2018,8
2,36,493272,WHTBL:WHITE/BLACK,AB806SF8,7.83,3/20/2018,11
2,36,493275,WHT:WHITE,AZZ06SF8,6.97,3/16/2018,320
2,36,493275,WHT:WHITE,AZZ06SF8,6.97,3/17/2018,1136
2,36,493275,WHT:WHITE,AZZ06SF8,6.97,3/19/2018,810
2,36,493280,BLUMI:BLUE MIRAGE,AZZ06SF8,6.97,3/14/2018,11
2,36,493280,WHT:WHITE,AZZ06SF8,6.97,3/16/2018,11
2,36,494726,BLK : BLACK,AZZ06SF8,6.97,3/2/2018,263
2,36,493264,DBBKC:DRESS BLUES/BLACK,AB806SF8,7.83,3/20/2018,986
2,36,493264,DBBKC:DRESS BLUES/BLACK,AB806SF8,7.83,3/21/2018,1011
2,36,493264,DBBKC:DRESS BLUES/BLACK,AB806SF8,7.83,3/22/2018,165
2,36,494682,BLK : BLACK,ABZ06SS8,7.83,3/26/2018,490
2,36,494682,BLK : BLACK,ABZ06SS8,7.83,3/27/2018,1011
2,36,494682,BLK : BLACK,ABZ06SS8,7.83,3/28/2018,1011
2,36,494682,BLK : BLACK,ABZ06SS8,7.83,3/29/2018,1011
2,36,494682,BLK : BLACK,ABZ06SS8,7.83,3/30/2018,1011
2,36,494684,BLK : BLACK,ABZ06SS8,7.83,3/26/2018,11
