Style	Schedule	ColorId	ProductionStartDate	OrderQty	FabHigherStatus	FabLowerStatus	FabStockPrecentage	STRIMHigherStatus	STRIMLowerStatus	STRIMStockPrecentage	PTRIMHigherStatus	PTRIMLowerStatus	PTRIMStockPrecentage
B30009S8	499844	H120AB         	7/23/2018	5502	7	7	0	13	11	100	11	11	100
B30049S8	499850	H120AB         	7/23/2018	2901	7	7	0	11	10	100	11	2	100
B20045M8	505329	H120AB         	7/25/2018	3042	7	7	0	11	10	96	11	5	100
B20005M8	505334	H120AB         	7/19/2018	6039	7	7	0	11	4	97	11	5	100
CN1952A8	505672	909RICK        	7/19/2018	4281	11	2	41	11	2	99	12	11	100
CN1952A8	505672	90BLACK        	7/20/2018	4281	11	5	57	11	2	99	12	11	100
CN1951A8	505689	10010WHITE     	7/24/2018	2550	11	11	100	14	11	100	14	11	100
CN1951A8	505692	908CRED        	7/21/2018	1000	11	2	57	13	2	67	13	11	100
CN1951A8	505692	908HAAL        	7/21/2018	1000	11	2	13	13	2	67	13	11	100
CN1951A8	505692	908HHER        	7/21/2018	1000	5	5	0	13	2	65	14	11	100
CN1951A8	505707	903PACK        	7/19/2018	1624	5	5	0	11	2	72	12	11	100
CN1951A8	505707	903PWLUE       	7/20/2018	1624	11	11	100	11	2	74	12	11	100
CN1951A8	505707	903YSKY        	7/20/2018	1624	11	5	64	11	2	74	12	11	100
CN1951A8	505729	918SCARI       	7/19/2018	1085	11	11	100	14	7	88	13	11	100
CN1951A8	505729	91USCARI       	7/19/2018	1085	5	5	0	13	7	88	13	11	100
CN1951A8	505765	0010BLACK      	7/19/2018	3255	5	5	0	11	2	57	13	1	99
CN1951A8	505781	490HAVY        	7/23/2018	1204	5	5	0	11	2	48	12	11	100
CN1951A8	505781	490HLUE        	7/23/2018	1204	5	2	0	11	2	48	12	11	100
CN1951A8	505781	490NAVY        	7/23/2018	1204	11	11	100	11	2	47	12	11	100
CN1951A8	505782	902ACK         	7/24/2018	1204	5	5	0	11	2	47	12	5	100
CN1951A8	505782	902IDOE        	7/24/2018	1204	2	2	0	11	2	48	12	5	99
CN1951A8	505782	902ILLUE       	7/24/2018	1204	11	5	51	11	2	48	12	5	99
CN1951A8	505865	933CKPERL      	7/23/2018	721	11	11	100	14	2	43	13	11	100
CN1951A8	505865	933CUKMARK     	7/23/2018	721	11	11	100	13	2	51	13	11	100
CN1951A8	505865	9CKAPFDBLE     	7/23/2018	721	11	11	100	11	2	51	13	11	100
CN1952A8	505912	904AVY         	7/21/2018	4085	11	11	100	11	2	100	13	11	100
CN1952A8	505912	904HEER        	7/24/2018	4085	11	5	94	13	2	100	13	11	100
CN1952A8	505912	904WAVY        	7/25/2018	4085	11	2	34	11	2	100	13	11	100
CN1952A8	505946	910CREY        	7/24/2018	4085	11	11	100	11	2	100	13	11	100
CN1952A8	505946	91LACK         	7/23/2018	4085	5	5	0	11	2	98	13	11	100
CN4183A8	506016	922AQR         	7/24/2018	1200	2	2	0	11	2	63	12	11	100
CN4183A8	506016	922AQR1        	7/24/2018	1200	11	11	100	11	2	56	12	11	100
CN4183A8	506016	922AQR2        	7/24/2018	1200	11	11	100	11	2	39	12	11	100
CN4183A8	506016	922AQR3        	7/24/2018	1200	2	2	0	11	2	80	12	11	100
CN1951A8	506050	903PACK        	7/19/2018	3469	5	5	0	11	2	72	12	11	100
CN1951A8	506050	903PWLUE       	7/20/2018	3469	11	5	21	11	2	74	12	11	100
CN1951A8	506050	903YSKY        	7/21/2018	3469	5	5	0	11	2	70	12	11	100
CN4183A8	506152	922AQR2        	7/19/2018	1085	11	11	100	13	2	39	13	11	100
CN4183A8	506152	922AQR3        	7/19/2018	1085	11	2	30	13	2	80	13	11	100
CN4183A8	506156	922AQR         	7/25/2018	1200	2	2	0	11	2	63	12	11	100
CN4183A8	506156	922AQR1        	7/25/2018	1200	11	11	100	11	2	54	12	11	100
CN4183A8	506156	922AQR2        	7/25/2018	1200	11	2	15	11	2	39	12	11	100
CN4183A8	506161	92DWTRRF       	7/19/2018	434	11	11	100	11	2	57	12	5	99
CN4183A8	506161	962BEDNAV      	7/20/2018	434	11	11	100	14	2	81	12	5	99
CN4183A8	506161	962BTHS        	7/20/2018	434	11	11	100	11	2	81	12	5	99
CN4183A8	506161	962WALK        	7/20/2018	434	11	11	100	14	2	57	12	5	99
CN4183A8	506163	92DWTRRF       	7/20/2018	651	11	5	98	11	2	56	12	5	99
CN4183A8	506163	962BEDNAV      	7/20/2018	651	11	11	100	11	2	63	12	5	99
CN4183A8	506163	962BTHS        	7/20/2018	651	11	11	100	11	2	68	12	5	99
CN4183A8	506163	962WALK        	7/20/2018	651	11	5	98	11	2	39	12	5	99
CN4183A8	506168	931PXC         	7/20/2018	1085	5	2	0	11	2	80	12	5	99
CN4183A8	506168	931PXC1        	7/21/2018	1085	11	11	100	11	2	72	12	5	99
CN4183A8	506168	931PXC2        	7/21/2018	1085	11	2	86	11	2	47	12	5	99
CN4183A8	506168	931PXC3        	7/21/2018	1085	11	2	86	11	2	54	14	5	99
CN4183A8	506171	961WBTB        	7/23/2018	434	2	2	0	11	2	80	12	5	99
CN4183A8	506171	961WBTG        	7/23/2018	434	11	11	100	11	2	57	12	5	99
CN4183A8	506171	961WBTW        	7/23/2018	868	11	11	100	11	2	39	12	5	99
CN4183A8	506174	961WBTB        	7/23/2018	651	2	2	0	11	2	80	12	5	99
CN4183A8	506174	961WBTG        	7/23/2018	651	11	11	100	11	2	57	12	5	99
CN4183A8	506174	961WBTW        	7/23/2018	1302	11	2	59	11	2	39	14	5	99
CO1461A8	507492	927GBLCK       	7/23/2018	612	11	11	100	14	2	80	12	2	78
CO1461A8	507492	927GHTHR       	7/24/2018	612	11	11	100	14	2	80	12	2	76
CO1461A8	507492	927GXWHT       	7/25/2018	612	11	6	93	14	2	80	12	2	76
CO1461A8	507493	900MBLCK       	7/25/2018	600	11	11	100	14	2	71	12	2	81
CO1461A8	507493	900MHTHR       	7/25/2018	600	11	11	100	14	2	70	12	2	68
CO1461A8	507493	900MPWHT       	7/25/2018	600	11	6	89	14	2	62	12	2	58
CO1461A8	507502	927GBLCK       	7/25/2018	600	13	11	100	14	2	0	13	11	100
CO1461A8	507502	927GHTHR       	7/25/2018	600	13	11	100	14	2	1	13	11	100
CO1461A8	507502	927GXWHT       	7/25/2018	600	13	11	100	14	13	100	13	11	100
CO1501A8	507512	900MBLCK       	7/25/2018	216	11	11	100	14	2	99	12	2	80
CO1501A8	507512	900MHTHR       	7/25/2018	216	11	11	100	11	2	99	12	2	80
CO1501A8	507512	900MPWHT       	7/25/2018	216	11	11	100	11	2	99	12	2	80
CO1599A8	510216	025FR9ASHG     	7/24/2018	1020	13	13	0	11	11	100	13	13	0
CO1599A8	510216	025FR9BLCK     	7/24/2018	1020	13	13	0	11	11	100	13	13	0
CO1599A8	510217	025FR9ASHG     	7/25/2018	1200	13	11	100	11	11	100	12	11	100
CO1599A8	510217	025FR9BLCK     	7/25/2018	1200	13	13	0	14	11	100	12	11	100
CO1599A8	510223	972CASHGRY     	7/20/2018	1200	13	13	0	13	11	100	13	11	100
CO1599A8	510223	972OFFWHTE     	7/23/2018	1200	13	13	0	13	11	100	13	11	100
CO1600A8	510226	025BLACK       	7/19/2018	3600	13	1	57	14	2	100	12	11	100
CO1600A8	510226	25ASHGREY      	7/23/2018	3600	13	1	0	14	2	100	14	2	96
CN2082A8	510624	91APDBCK       	7/25/2018	903	11	11	100	11	2	78	12	11	100
CN2105A8	512133	976PNXBRI      	7/20/2018	721	11	11	100	14	2	23	13	11	100
CN2105A8	512133	976PNXNW       	7/21/2018	721	11	11	100	13	2	22	13	11	100
CN2105A8	512134	976PNXALE      	7/23/2018	1085	11	11	100	11	2	71	12	11	100
CN2105A8	512134	976PNXBRI      	7/24/2018	1085	11	11	100	11	2	71	12	11	100
CN2105A8	512134	976PNXNW       	7/25/2018	1085	11	11	100	11	2	71	12	11	100
CN1582B8	513192	612RYMMARD     	7/21/2018	1524	11	11	100	11	2	75	12	11	100
CN1582B8	513193	001001BLA      	7/23/2018	1420	11	11	100	11	2	75	12	2	100
CN1582B8	513227	001001BLA      	7/24/2018	983	11	2	26	11	2	75	12	2	91
CN1582B8	513237	4JXBRDIGO      	7/24/2018	983	11	11	100	14	2	75	12	2	89
CN1582B8	513238	4JXBRDIGO      	7/25/2018	573	11	11	100	14	2	66	12	1	99
CN1582B8	513247	612RYMMARD     	7/25/2018	461	11	2	10	11	2	70	12	1	94
CN1582B8	513251	4JXBRDIGO      	7/20/2018	1600	11	11	100	11	2	63	14	2	91
CN1582B8	513252	612RYMMARD     	7/20/2018	1400	11	11	100	13	2	0	13	11	100
TWU20BB8	513812	BRICK610W8     	7/19/2018	840	11	11	100	13	11	100	13	9	6
TWU20BB8	513813	BLU4887711     	7/19/2018	602	11	11	100	11	11	100	11	9	74
TWU20BB8	513813	NEW4187717     	7/20/2018	602	11	11	100	11	11	100	11	9	74
TWU20BB8	513813	SAP4377712     	7/20/2018	602	11	11	100	11	11	100	11	9	74
TWU20BB8	513827	BLU4887711     	7/20/2018	903	11	11	100	11	11	100	11	9	54
TWU20BB8	513827	NEW4187717     	7/21/2018	903	11	11	100	11	11	100	11	9	54
TWU20BB8	513827	SAP4377712     	7/23/2018	903	11	11	100	11	11	100	11	9	54
TWU20BB8	513828	BLUEMISTBB     	7/23/2018	903	11	11	100	11	11	100	11	9	53
TWU20BB8	513828	JUN4037717     	7/24/2018	903	11	11	100	11	9	99	11	9	53
TWU20BB8	513828	REDMULTIBB     	7/24/2018	903	11	11	100	11	11	100	11	9	53
TWU20BB8	513829	ANTQ107UTH     	7/25/2018	903	11	11	100	11	11	100	11	5	28
TWU20BB8	513829	PMC397UTHW     	7/25/2018	903	11	11	100	11	9	99	11	5	28
TWU20BB8	513830	408UTHW80      	7/20/2018	1260	11	11	100	13	11	100	13	9	54
TWU20BB8	513830	BLU400UTHW     	7/20/2018	1260	11	11	100	13	11	100	13	9	54
TWU20BB8	513830	BRICK610W8     	7/21/2018	1260	11	11	100	13	11	100	13	9	54
CN2071B8	514052	10010WHITE     	7/20/2018	5000	11	11	100	11	11	100	12	5	75
CN2071B8	514054	10010WHITE     	7/19/2018	2000	11	11	100	11	11	100	12	5	75
CN2071B8	514058	428LQF         	7/23/2018	2001	11	11	100	11	2	99	12	5	58
CN2071B8	514059	428LQF         	7/24/2018	999	11	5	97	11	2	99	12	5	50
CN2071B8	514059	428LQF1        	7/24/2018	999	11	11	100	11	2	96	12	5	50
TWU21BB8	514063	ENGLISHBL      	7/24/2018	1920	11	11	100	14	9	63	14	5	78
TWU21BB8	514073	SA5875513R     	7/23/2018	2400	11	11	100	14	9	63	14	5	88
TWU21BB8	514095	BRICK610W8     	7/24/2018	60	13	13	0	14	9	1	14	11	100
TWU21BB8	514098	HE6185513R     	7/25/2018	1200	11	11	100	14	9	63	14	5	82
TWU21BB8	514107	MALARD37       	7/24/2018	60	13	13	0	14	9	0	14	11	100
TWU21BB8	514116	TIBETNRE       	7/24/2018	60	13	13	0	14	9	62	14	11	100
TETR1BC8	519558	946BN          	7/19/2018	102	13	13	0	13	9	0	13	13	0
TETR1BC8	519558	946CLA         	7/19/2018	102	13	13	0	13	9	0	13	13	0
TETR1BC8	519558	946DC          	7/19/2018	102	13	13	0	13	9	0	13	13	0
TETR1BC8	519561	944BLOSS       	7/19/2018	611	13	13	0	13	9	0	13	5	0
TETR1BC8	519561	944NAV         	7/20/2018	611	13	13	0	13	9	0	13	5	0
TETR1BC8	519565	946BN          	7/25/2018	780	13	13	0	11	9	81	11	5	99
TETR1BC8	519565	946CLA         	7/25/2018	780	13	13	0	11	9	81	11	5	99
TETR1BC8	519570	939BLU         	7/19/2018	100	13	13	0	13	9	0	13	13	0
TETR1BC8	519570	939TANGO       	7/19/2018	100	13	13	0	13	9	0	14	13	100
TETR1BC8	519571	939BLU         	7/19/2018	174	13	13	0	13	9	95	13	13	0
TETR1BC8	519571	939TANGO       	7/19/2018	174	13	13	0	13	9	95	13	13	0
TETR1BC8	519573	941DP          	7/19/2018	108	13	13	0	13	9	100	13	13	0
TETR1BC8	519573	941NAV         	7/20/2018	108	13	13	0	13	9	96	13	13	0
TETR1BC8	519573	941T1761       	7/20/2018	108	13	13	0	13	9	96	13	13	0
TETR1BC8	519577	946BLO         	7/20/2018	752	11	11	100	11	9	100	11	5	99
TETR1BC8	519577	946BN          	7/23/2018	752	11	11	100	11	9	99	11	5	99
TETR1BC8	519577	946FD          	7/24/2018	752	11	11	100	11	9	81	11	5	98
TETR1BC8	519578	946BN          	7/19/2018	1567	13	13	0	13	9	37	13	13	0
TETR1BC8	519578	946CLA         	7/24/2018	1567	13	13	0	13	9	0	13	13	0
TETR1BC8	519578	946DC          	7/20/2018	1567	13	13	0	13	9	88	13	13	0
TETR1BC8	519589	941DP          	7/19/2018	866	13	13	0	13	9	87	13	5	0
TETR1BC8	519589	941NAV         	7/20/2018	866	13	13	0	13	9	42	13	5	0
TETR1BC8	519589	941T1761       	7/20/2018	866	13	13	0	13	9	48	13	5	0
TETR1BC8	519593	946BN          	7/23/2018	6354	11	11	100	11	9	89	11	5	99
TETR1BC8	519594	946BN          	7/23/2018	417	11	11	100	11	9	83	11	5	99
TETR1BC8	519594	946CLA         	7/24/2018	417	11	11	100	11	9	84	11	5	99
TETR1BC8	519594	946DC          	7/24/2018	417	11	11	100	11	9	84	11	5	99
TETR1BC8	519595	946BN          	7/20/2018	412	11	11	100	11	9	99	11	11	100
TETR1BC8	519595	946CLA         	7/20/2018	412	11	11	100	11	9	100	11	11	100
TETR1BC8	519595	946DC          	7/23/2018	412	11	11	100	11	9	81	11	5	99
P1122MM8	521484	WHIETMA        	7/20/2018	100	2	2	0	11	2	12	0	0	0
P1122MM8	521485	WHITETMB       	7/21/2018	100	2	2	0	11	2	8	0	0	0
P1122MM8	521690	WHIETMA        	7/19/2018	42	2	2	0	11	2	18	0	0	0
P1122MM8	521691	WHITETMB       	7/23/2018	42	2	2	0	11	2	18	0	0	0
P1133FF8	521701	WHITETMBW      	7/23/2018	2892	2	2	0	11	2	0	0	0	0
CD490SC8	521862	GRAPH20GRG     	7/20/2018	2761	13	11	100	13	2	3	13	5	0
CD490SC8	521863	BUTTE258B9     	7/20/2018	884	13	11	100	13	2	0	13	5	0
CD490SC8	521865	ROSEW31RSW     	7/25/2018	289	11	11	100	11	2	68	12	5	77
CD490SC8	521866	RICHBLACKB     	7/24/2018	2069	11	11	100	11	2	67	12	5	86
TKU02BE8	521882	MAH08          	7/19/2018	1000	11	11	100	13	11	100	13	9	97
TKU02BE8	521884	GRAY004000     	7/19/2018	1000	11	11	100	11	10	99	13	9	97
TKU02BE8	521885	DARKN41000     	7/20/2018	1000	11	11	100	11	10	99	13	9	95
TK148BE8	521886	GRAY004000     	7/19/2018	250	11	9	86	11	10	97	11	9	98
TKU02BE8	521887	DARKN41000     	7/20/2018	1678	11	11	100	13	11	100	11	5	98
TKU02BE8	521888	WHITE10000     	7/21/2018	500	11	11	100	13	11	100	11	9	96
CF3692C8	522575	102SY9SNCT     	7/23/2018	1066	11	11	100	11	11	100	11	5	80
CF3692C8	522577	566YG8MAGG     	7/19/2018	426	11	11	100	11	11	100	11	5	89
CF3692C8	522578	566YG8MAGG     	7/20/2018	1033	11	11	100	11	9	100	11	5	100
CF3692C8	522579	566YG8MAGG     	7/19/2018	531	11	11	100	11	11	100	11	11	100
CF3694C8	522585	102SY9SNCT     	7/24/2018	1280	11	11	100	11	11	100	11	5	100
CF3694C8	522588	612RYICRED     	7/25/2018	1146	11	11	100	11	11	100	11	5	100
CF492AC8	522594	612RYICRED     	7/24/2018	790	13	11	100	13	11	100	13	2	0
CF492AC8	522595	612RYICRED     	7/24/2018	500	13	13	0	13	11	100	13	2	67
CF492AC8	522596	612RYICRED     	7/25/2018	397	13	13	0	13	11	100	13	2	0
CN1175C8	522646	694NSM         	7/23/2018	6306	5	5	0	11	5	99	12	5	39
CN1175C8	522647	694NSM         	7/19/2018	12131	5	5	0	11	5	99	12	6	40
CN1175C8	522647	694NSM1        	7/24/2018	12131	5	5	0	11	5	99	12	6	40
CN1175C8	522655	949LMX         	7/19/2018	3117	11	11	100	11	5	100	12	5	39
CN1175C8	522655	949LMX2        	7/20/2018	3117	5	5	0	11	2	73	12	5	39
CN1175C8	522655	949LMX3        	7/21/2018	3117	11	5	84	11	2	74	12	5	39
CN1175C8	522656	935FHR         	7/19/2018	3783	5	5	0	11	2	96	12	5	39
CN1175C8	522656	935FRH         	7/20/2018	3783	5	5	0	11	2	73	12	5	39
CN1175C8	522656	935FRH1        	7/21/2018	3783	5	5	0	11	2	71	12	5	39
CN1175C8	522656	935FRH2        	7/23/2018	3783	5	5	0	11	2	73	12	5	39
CN1175C8	522660	695KWS3        	7/19/2018	3962	5	5	0	11	2	99	12	5	39
CN1175C8	522661	695KWS         	7/20/2018	4609	5	5	0	11	5	99	12	6	40
CN1175C8	522661	695KWS1        	7/23/2018	4609	5	5	0	11	5	99	12	6	40
CN1175C8	522661	695KWS2        	7/24/2018	4609	5	5	0	11	5	99	12	6	40
CN1175C8	522661	695KWS3        	7/25/2018	4609	5	5	0	11	2	99	12	6	40
CN1573C8	522676	507X25         	7/19/2018	3154	11	11	100	11	2	57	12	2	80
CN1573C8	522677	001001BLA      	7/20/2018	1000	11	5	65	14	2	57	14	2	76
CN1573C8	522678	507X25         	7/21/2018	1	11	11	100	11	2	57	12	2	75
CN1573C8	522679	507X25         	7/21/2018	1000	11	11	100	11	2	58	12	2	75
CN1665C8	522680	001001BLA      	7/23/2018	2500	11	11	100	11	2	12	12	2	88
CN1665C8	522681	612RYM1        	7/25/2018	2500	7	7	0	11	2	13	12	2	87
CN1175C8	522693	694NSM         	7/25/2018	1911	5	5	0	11	5	99	12	5	39
CN1175C8	522693	694NSM1        	7/25/2018	1911	5	5	0	11	5	99	12	5	39
CN1573C8	522695	0602CK1        	7/21/2018	1700	11	11	100	14	2	44	12	2	76
CN1573C8	522696	507X25         	7/23/2018	2800	11	5	93	14	2	43	12	2	76
CN1573C8	522697	0602CK1        	7/24/2018	1	11	11	100	14	2	30	14	2	75
CN4000C8	522699	977LWM6        	7/19/2018	3003	7	7	0	11	2	73	12	5	100
CN4000C8	522699	977LWM7        	7/20/2018	3003	7	5	0	11	2	81	12	5	100
CN1567C8	522758	612RYM1        	7/25/2018	1	11	11	100	14	2	53	14	11	100
CN1567C8	522759	612RYM1        	7/23/2018	2300	13	13	0	13	13	0	12	5	100
CN1567C8	522760	612RYM1        	7/25/2018	131	13	13	0	14	2	100	14	2	100
CN1452C8	522834	428OTM1        	7/25/2018	18590	5	5	0	11	2	43	12	5	58
CN1568C8	522835	612RYM1        	7/23/2018	372	11	11	100	11	2	0	12	5	99
CN1568C8	522840	612RYM1        	7/23/2018	328	11	11	100	14	2	1	12	11	100
CN1568C8	522844	382YG          	7/19/2018	1050	7	7	0	14	2	76	12	11	100
CN1568C8	522845	382YG          	7/19/2018	200	7	7	0	14	2	76	12	11	100
CN1568C8	522846	382YG          	7/19/2018	360	7	7	0	14	2	76	12	11	100
CN1568C8	522847	382YG          	7/20/2018	1	7	7	0	14	2	76	12	11	100
CN1568C8	522848	382YG          	7/20/2018	92	7	7	0	14	2	76	12	11	100
CN1568C8	522849	382YG          	7/20/2018	800	7	7	0	14	2	76	12	11	100
CN1568C8	522850	382YG          	7/20/2018	2500	7	7	0	11	2	65	12	11	100
CN1568C8	522853	4545BX1        	7/21/2018	800	11	11	100	11	2	64	12	11	100
CN1568C8	522854	4545BX1        	7/23/2018	200	11	11	100	11	2	64	12	11	100
CN1568C8	522855	4545BX1        	7/23/2018	1	11	11	100	11	2	64	12	11	100
CN1568C8	522856	4545BX1        	7/23/2018	800	11	11	100	11	2	64	12	11	100
CN1568C8	522857	4545BX1        	7/23/2018	2500	11	11	100	11	2	64	12	11	100
CN1568C8	522861	4545BX1        	7/25/2018	3175	11	6	25	11	2	60	12	11	100
CN1568C8	522875	4901ZW         	7/23/2018	300	6	6	0	11	2	64	12	11	100
CN1568C8	522876	4901ZW         	7/23/2018	495	6	6	0	11	2	64	12	5	97
CN1665C8	523174	612RYM1        	7/25/2018	1062	7	7	0	11	2	13	12	5	100
CN1665C8	523176	612RYM1        	7/25/2018	1267	7	7	0	11	2	13	12	2	63
CN1665C8	523185	489SHILO       	7/24/2018	122	2	2	0	14	2	26	12	2	88
CN1665C8	523186	489SHILO       	7/24/2018	1	2	2	0	14	2	26	14	2	82
CN1665C8	523189	489SHILO       	7/24/2018	1200	2	2	0	11	2	26	12	2	90
CN1665C8	523190	001001BLA      	7/24/2018	380	11	11	100	14	2	12	12	2	89
CN1665C8	523193	001001BLA      	7/24/2018	1	11	11	100	14	2	13	14	2	91
CN1665C8	523194	612RYM1        	7/24/2018	250	7	7	0	14	2	13	12	2	89
CN1665C8	523195	612RYM1        	7/25/2018	116	7	7	0	14	2	13	12	2	82
CN1899C8	523198	WT56BLK20      	7/20/2018	23356	11	11	100	14	2	100	13	2	85
CN1899C8	523199	WT56BLK25      	7/23/2018	6610	11	11	100	14	2	51	12	2	68
CN1666C8	523205	001001BLA      	7/19/2018	1238	11	2	0	11	1	28	12	2	87
CN1665C8	523208	612RYM1        	7/25/2018	21	7	7	0	14	2	13	14	2	75
CN1665C8	523218	612RYM1        	7/25/2018	165	7	7	0	14	2	13	14	2	87
CN1565C8	523236	0682PQ         	7/19/2018	190	11	11	100	11	2	63	12	11	100
CN1565C8	523237	0682PQ         	7/19/2018	481	11	11	100	11	2	63	12	11	100
CN1565C8	523238	0682PQ         	7/20/2018	475	11	11	100	11	2	60	12	11	100
CN1565C8	523240	0682PQ         	7/21/2018	800	11	11	100	11	2	51	12	11	100
CN1565C8	523244	4568UXDOW      	7/21/2018	190	11	11	100	11	2	51	12	11	100
CN1565C8	523245	4568UXDOW      	7/21/2018	360	11	11	100	11	2	51	12	11	100
CN1565C8	523246	4568UXDOW      	7/23/2018	219	11	11	100	11	2	51	12	11	100
CN1565C8	523248	4568UXDOW      	7/23/2018	800	11	11	100	14	2	51	12	11	100
CN1565C8	523249	4568UXDOW      	7/23/2018	1200	11	11	100	11	2	51	12	11	100
CN1565C8	523260	612RYMMAN      	7/24/2018	2499	11	11	100	11	2	64	12	11	100
CN1565C8	523261	612RYMMAN      	7/25/2018	2167	11	11	100	11	2	64	12	11	100
CN1665C8	523268	001001BLA      	7/25/2018	150	11	11	100	14	2	12	14	2	87
CN1665C8	523271	001001BLA      	7/20/2018	122	11	11	100	14	2	12	12	2	88
CN1665C8	523272	489SHILO       	7/20/2018	7991	11	2	30	11	2	26	12	2	88
CN1665C8	523273	612RYM1        	7/25/2018	1200	7	7	0	11	2	13	12	2	80
CN1665C8	523276	612RYM1        	7/25/2018	3550	7	6	0	11	2	13	12	2	82
CN1666C8	523278	612RYM1        	7/20/2018	1722	11	11	100	14	1	19	12	2	86
CD3584C8	523284	00100BLACK     	7/19/2018	1330	13	11	100	13	9	0	13	13	0
TK191BE8	523324	DARKN41000     	7/25/2018	648	10	10	0	11	9	99	11	9	58
TK191BE8	523324	GRAYHE         	7/25/2018	648	11	11	100	11	9	97	11	9	58
TK191BE8	523324	MAH08          	7/25/2018	648	11	11	100	11	9	100	11	9	58
T152BE83	523341	DARHKGRN88     	7/20/2018	1550	11	11	100	11	11	100	11	5	35
T152BE83	523341	QY7ZU          	7/20/2018	1550	9	9	0	11	9	98	11	5	35
T152BE83	523341	VIBANROAL8     	7/21/2018	1550	11	11	100	11	11	100	11	5	35
T152BE83	523343	TANGERI8       	7/19/2018	3000	11	11	100	11	11	100	11	5	32
CF3428C8	523358	612RYICRED     	7/25/2018	480	11	11	100	11	2	100	12	4	60
CF3428C8	523359	612RYICRED     	7/25/2018	398	11	11	100	11	2	100	12	5	100
CF3428C8	523360	612RYICRED     	7/25/2018	1222	11	11	100	11	2	100	12	5	100
CF3428C8	523361	612RYICRED     	7/25/2018	632	11	11	100	11	2	88	12	2	94
CF3428C8	523362	612RYICRED     	7/25/2018	1785	11	11	100	11	2	65	12	11	100
CF3428C8	523363	612RYICRED     	7/24/2018	3976	11	11	100	11	2	100	12	2	89
CF3428C8	523364	612RYICRED     	7/21/2018	10060	11	11	100	11	2	100	12	5	100
CF3429C8	523366	469VW5VENT     	7/25/2018	1229	11	11	100	11	11	100	12	5	100
CF3429C8	523367	469VW5VENT     	7/25/2018	426	11	11	100	11	11	100	12	11	100
CF3429C8	523371	612RYICRED     	7/25/2018	560	11	11	100	11	11	100	12	11	100
CF3429C8	523372	612RYICRED     	7/25/2018	424	11	11	100	11	11	100	12	5	100
CF3429C8	523373	612RYICRED     	7/20/2018	1204	13	11	100	13	13	0	13	5	99
CF3429C8	523374	612RYICRED     	7/25/2018	632	11	11	100	11	11	100	12	2	80
CF3429C8	523375	612RYICRED     	7/25/2018	1650	11	11	100	11	11	100	12	11	100
CF3429C8	523377	612RYICRED     	7/20/2018	12826	11	11	100	13	11	100	12	5	100
CN1014C8	523497	959GREY13      	7/19/2018	3077	11	11	100	11	2	22	12	11	100
CN1014C8	523497	959LACK10      	7/20/2018	3077	11	5	57	11	2	36	12	11	100
CN1014C8	523497	959POUR12      	7/21/2018	3077	5	5	0	11	2	34	12	2	100
CF3508C8	524062	934FYX         	7/19/2018	1606	11	11	100	11	2	97	12	11	100
CF3508C8	524063	681RZA         	7/20/2018	4176	11	11	100	11	2	100	12	5	99
CF3508C8	524064	601LRZ         	7/21/2018	4376	11	11	100	14	2	100	12	5	87
CF3508C8	524065	934FYX         	7/23/2018	3976	11	11	100	11	2	89	12	2	79
CF3508C8	524068	699ZS6         	7/25/2018	168	11	11	100	14	2	80	14	11	100
CF3508C8	524069	465YW8         	7/25/2018	875	11	11	100	14	2	80	12	2	100
CF3508C8	524070	681RZA         	7/25/2018	72	11	11	100	14	2	80	14	11	100
CF3507C8	524072	934FYX         	7/25/2018	1573	11	11	100	14	2	80	12	11	100
CD3386C8	524079	26570N1        	7/21/2018	2450	11	7	95	11	6	67	12	5	87
CF3508C8	524081	681RZA         	7/19/2018	500	11	11	100	14	11	100	12	11	100
CD3387C8	524091	26570N1        	7/20/2018	3800	11	7	92	11	2	66	11	2	80
CD3388C8	524092	26570N1        	7/21/2018	2950	11	7	95	11	2	66	12	2	72
CF3559C8	524124	927VLWLILL     	7/25/2018	180	11	11	100	11	11	100	12	2	92
CF3559C8	524124	927VLWMAGG     	7/25/2018	180	11	11	100	11	11	100	12	2	92
CF3559C8	524124	927VLWWIND     	7/25/2018	180	11	11	100	11	11	100	12	2	92
CF3559C8	524128	947FX22        	7/19/2018	426	11	2	92	11	2	100	12	2	96
CF3559C8	524129	947FX2         	7/19/2018	539	11	11	100	11	11	100	12	2	96
CF3559C8	524129	947FX21        	7/19/2018	539	11	11	100	11	5	99	12	2	96
CF3559C8	524129	947FX22        	7/19/2018	539	11	2	92	11	2	100	12	2	96
CN1569C8	524281	4818ZJ1        	7/23/2018	72	11	11	100	11	6	81	12	5	86
CN1569C8	524282	612RYM1        	7/20/2018	182	11	11	100	11	6	81	12	11	100
CN1569C8	524283	566YG8TR1      	7/23/2018	63	6	6	0	11	6	81	12	4	72
CN1569C8	524285	612RYM1        	7/21/2018	763	11	11	100	11	6	81	12	11	100
CN1569C8	524286	612RYM1        	7/21/2018	341	11	2	68	11	6	81	12	6	86
CN1569C8	524287	4818ZJ1        	7/23/2018	300	11	11	100	11	6	81	12	11	100
CN1569C8	524288	4818ZJ1        	7/23/2018	400	11	11	100	11	6	81	12	11	100
CN1569C8	524289	4818ZJ1        	7/24/2018	461	11	11	100	11	5	65	12	11	100
CN1569C8	524290	4818ZJ1        	7/23/2018	21	11	11	100	11	6	81	14	5	86
CN1569C8	524291	4818ZJ1        	7/24/2018	1509	11	11	100	11	5	59	12	6	86
CN1569C8	524293	4901ZW         	7/21/2018	1773	6	6	0	11	5	59	12	11	100
CN1569C8	524294	566YG8TR1      	7/23/2018	300	6	6	0	11	6	81	12	6	86
CN1569C8	524295	566YG8TR1      	7/25/2018	442	6	6	0	11	5	59	12	11	100
CN1569C8	524296	566YG8TR1      	7/23/2018	358	6	6	0	11	6	76	12	4	86
CN1569C8	524297	566YG8TR1      	7/25/2018	216	6	6	0	11	6	59	12	6	86
CN1569C8	524298	566YG8TR1      	7/25/2018	712	6	6	0	11	6	59	12	5	86
CN1290C8	524399	0010BLACK      	7/25/2018	9870	11	5	12	14	5	48	12	5	62
CN1289C8	524402	100100W        	7/23/2018	18951	11	6	22	11	5	59	12	5	69
TK148BE8	524406	GRAY004000     	7/20/2018	1500	11	9	86	11	10	97	11	9	98
CO1760C8	524979	001LACK1       	7/24/2018	2548	11	11	100	11	2	99	12	4	86
CO1761C8	524983	020020GREY     	7/20/2018	1862	13	13	0	13	2	84	13	2	33
NK015EU8	525175	MEELANGE       	7/19/2018	785	11	11	100	13	11	100	13	13	0
NK015EU8	525176	MEELANGE       	7/19/2018	190	13	13	0	13	11	100	13	13	0
NK015EU8	525177	SONKFTPINK     	7/19/2018	535	11	11	100	13	11	100	13	13	0
NK015EU8	525178	SONKFTPINK     	7/19/2018	130	13	13	0	13	11	100	13	13	0
NK015EU8	525179	WWHTE          	7/20/2018	1200	11	11	100	11	9	99	11	11	100
NK015EU8	525180	WWHTE          	7/20/2018	300	13	13	0	11	9	99	11	11	100
SCN30197	525247	400BRLBLUE     	7/23/2018	18080	11	5	22	13	5	82	12	5	60
SCU30197	525251	400BRDPTHS     	7/25/2018	9640	5	5	0	14	11	100	14	5	90
SCU30197	525251	400BRETION     	7/25/2018	9640	11	11	100	13	11	100	14	5	90
SCU40007	525254	020080GREY     	7/23/2018	20480	5	5	0	11	5	76	12	5	66
SCU40007	525255	100WHITEA      	7/21/2018	59680	5	5	0	11	5	66	13	5	65
T174BF82	525467	BLACK018       	7/24/2018	180	11	11	100	11	9	46	14	11	100
T174BF82	525467	MAHOGA7        	7/24/2018	180	11	11	100	11	9	44	14	2	100
T174BF8S	525470	DARKNA1        	7/24/2018	3016	13	13	0	13	5	1	14	5	73
T173BF83	525501	BLUEHA1        	7/19/2018	600	11	11	100	11	11	100	11	5	59
T173BF83	525501	DARKN41000     	7/19/2018	600	11	11	100	11	11	100	11	5	59
T173BF83	525505	BRITBLU434     	7/19/2018	600	11	11	100	11	11	100	11	5	59
T173BF83	525505	DARKN41000     	7/19/2018	600	11	11	100	11	11	100	11	5	59
T173BF83	525505	LILYPA         	7/19/2018	600	11	11	100	11	11	100	11	5	59
TK204BF8	525513	WHITE10000     	7/23/2018	4000	11	11	100	11	5	98	14	9	74
TWU20BF8	525569	BGR4088042     	7/23/2018	1200	11	11	100	11	9	99	13	5	64
TWU20BF8	525569	IC4692600R     	7/23/2018	1200	11	11	100	11	11	100	13	5	64
TWU20BF8	525569	MALLAR         	7/24/2018	1200	11	11	100	11	9	97	13	5	64
TWU20BF8	525571	BGR4088042     	7/25/2018	1200	11	11	100	11	9	97	13	5	49
TWU20BF8	525571	BLUE401        	7/25/2018	1200	11	11	100	11	11	100	13	5	49
CO1228C8	525574	4311MZ         	7/24/2018	292	13	11	100	11	9	100	12	2	71
CO1228C8	525575	599NP6         	7/24/2018	700	11	2	79	11	9	100	12	2	75
CO1228C8	525577	599NP6         	7/24/2018	292	11	2	11	11	9	100	12	2	71
CO1491C8	525582	906BGH4        	7/24/2018	600	13	13	0	13	11	100	13	5	97
CO1491C8	525582	906BGH5        	7/24/2018	600	13	13	0	13	11	100	13	5	97
CO1491C8	525583	906BGH4        	7/23/2018	1320	13	11	100	13	11	100	13	5	99
CO1502C8	525585	200201	7/23/2018	292	13	13	0	11	11	100	12	5	100
CO1502C8	525586	4175PX1        	7/23/2018	700	11	11	100	11	11	100	12	5	100
CO1502C8	525587	4175PX1        	7/24/2018	4474	11	11	100	11	2	100	12	5	100
CO1502C8	525588	4175PX1        	7/24/2018	292	13	13	0	14	2	100	12	2	97
CO1504C8	525590	200201	7/23/2018	292	13	11	100	11	11	100	12	2	86
CO1504C8	525591	4175PX1        	7/23/2018	700	13	13	0	11	11	100	12	2	84
CO1504C8	525592	4175PX1        	7/24/2018	3642	13	11	100	13	11	100	13	2	50
CO1504C8	525593	4175PX1        	7/23/2018	292	13	11	100	11	11	100	12	2	71
CO1603C8	525595	4175PX1        	7/24/2018	900	11	11	100	11	11	100	12	2	86
TWU21BF8	525603	BLUEHA2        	7/19/2018	53	11	11	100	14	13	100	13	2	0
TWU21BF8	525604	BRICK6         	7/23/2018	1674	11	11	100	14	9	62	11	5	75
TWU21BF8	525605	BRICK6         	7/19/2018	49	13	13	0	14	11	100	13	2	0
TWU21BF8	525616	COBALT6        	7/19/2018	240	11	11	100	14	13	100	13	11	100
TWU21BF8	525617	GRAPHI1        	7/24/2018	3800	11	11	100	14	9	0	11	2	77
TWU21BF8	525618	GRAPHI1        	7/19/2018	241	11	11	100	14	9	0	13	2	1
TWU21BF8	525619	GRAPHI1        	7/23/2018	700	13	13	0	14	9	0	11	5	100
TWU21BF8	525620	HARMON1        	7/24/2018	120	9	9	0	14	9	63	11	5	75
TWU21BF8	525628	INKBLU3        	7/23/2018	750	11	11	100	14	9	0	11	5	100
TWU21BF8	525631	INKBLU3        	7/19/2018	180	13	13	0	13	9	0	13	13	0
TWU21BF8	525635	MALLAR         	7/20/2018	1190	13	13	0	14	9	0	11	5	75
TWU21BF8	525638	NAVY41         	7/19/2018	1748	11	11	100	14	9	62	11	2	86
TWU21BF8	525641	NEWNAV         	7/19/2018	180	11	11	100	13	9	0	13	11	100
TWU21BF8	525646	ONYX01         	7/19/2018	50	13	13	0	14	9	97	13	2	0
TWU21BF8	525651	SEACAL1        	7/24/2018	120	13	13	0	14	9	7	11	5	75
TWU21BF8	525652	SEACAL2        	7/19/2018	188	13	13	0	14	10	22	13	11	100
TWU21BF8	525654	TWILIG1        	7/24/2018	1184	11	11	100	14	9	62	11	5	75
TWU21BF8	525656	TWILIG1        	7/19/2018	49	13	13	0	14	9	0	13	2	0
TWU21BF8	525658	SEACAL1        	7/20/2018	347	13	13	0	14	11	100	11	2	75
TWU21BF8	525659	COBALT6        	7/25/2018	3800	11	10	32	14	9	62	11	2	77
TWU21BF8	525667	HARMON2        	7/20/2018	38	13	13	0	14	10	30	14	2	82
TWU21BF8	525675	SEACAL2        	7/23/2018	74	9	9	0	13	10	16	11	2	82
TWU21BF8	525679	TWILIG2        	7/23/2018	50	13	13	0	14	2	55	14	2	83
CN2015C8	525832	0010BLACK      	7/24/2018	9000	5	5	0	14	5	47	12	5	64
CN2015C8	525907	942PLUE        	7/25/2018	690	5	5	0	14	6	48	12	5	55
CN2015C8	525907	942PLVY        	7/25/2018	690	5	5	0	14	6	48	12	5	55
CN2015C8	525907	9PLRLEGH       	7/25/2018	690	5	5	0	14	6	48	12	5	55
CN2015C8	525923	94LFBLCK       	7/19/2018	334	5	5	0	14	5	47	12	5	67
CN2015C8	525923	9LMJIBLE       	7/19/2018	334	5	5	0	14	6	48	12	5	67
CN2015C8	525923	9OFGYHTHR      	7/19/2018	334	5	5	0	14	6	48	12	5	67
CN2071C8	525932	0010BLACK      	7/19/2018	37010	5	5	0	11	5	59	12	2	90
CN1564C8	525950	0682PQ         	7/19/2018	300	13	13	0	14	4	0	13	10	98
CN1564C8	525952	0682PQ         	7/19/2018	1	13	13	0	14	2	1	12	2	50
CN2009C8	526646	93WVICKLE      	7/19/2018	615	11	11	100	14	5	47	12	5	85
CN2009C8	526646	9CBEETLE       	7/20/2018	615	11	11	100	14	5	47	12	5	85
CN2009C8	526646	9XBKKING       	7/20/2018	615	11	11	100	14	5	47	12	5	85
CN2009C8	526646	9XCBKWBK       	7/20/2018	615	11	11	100	14	5	47	12	5	85
CN2009C8	526652	9BRBSBLK       	7/20/2018	690	11	11	100	14	5	47	12	5	85
CN2009C8	526652	9RRBSBTL       	7/20/2018	690	11	11	100	14	6	48	12	5	85
CN2009C8	526652	9TBTMYBE       	7/21/2018	690	11	11	100	14	6	48	12	5	85
CN2009C8	526652	9YSGRHTR       	7/21/2018	690	5	5	0	14	6	74	12	5	85
CN2009C8	526656	937EV          	7/21/2018	6840	11	11	100	14	5	47	12	5	85
CN2009C8	526656	937EVN         	7/24/2018	3420	11	11	100	14	5	47	12	5	85
CN2009C8	526656	ICKLE23        	7/25/2018	3420	11	11	100	14	5	47	12	5	85
CN2009C8	526675	935HS          	7/19/2018	340	11	11	100	14	5	47	14	5	87
CN2009C8	526675	93AAWBCK       	7/19/2018	340	11	11	100	14	5	47	12	5	87
CN2009C8	526675	9BBBLBTLE      	7/19/2018	340	11	11	100	14	5	47	12	5	87
CN2009C8	526675	9WSWKNG        	7/19/2018	340	11	11	100	14	5	47	12	5	87
CN2009C8	526679	935HS          	7/23/2018	4800	11	11	100	14	5	73	12	5	83
CN2009C8	526679	93AAWBCK       	7/24/2018	4800	11	11	100	14	5	73	12	5	83
CN2009C8	526679	9BBBLBTLE      	7/25/2018	4800	11	11	100	14	5	73	12	5	83
CN2009C8	526683	930PQ1         	7/19/2018	1529	11	11	100	14	6	48	12	5	96
CN2009C8	526683	930PQ23        	7/19/2018	3058	11	11	100	14	6	48	12	5	95
CN2009C8	526690	9BIKINGRD      	7/20/2018	1529	5	5	0	14	6	48	12	5	95
CN2009C8	526690	9L3LTHER       	7/21/2018	1529	5	5	0	14	6	74	12	5	95
CN2009C8	526690	9LXMBCK        	7/21/2018	1529	11	11	100	14	5	47	12	5	95
CN2009C8	526690	9X3LJLLCBE     	7/21/2018	1529	11	11	100	14	6	48	12	5	94
TWU31BF8	526698	DEEPBL02       	7/20/2018	2400	11	11	100	13	9	99	13	9	42
TWU31BF8	526698	SA5875513R     	7/24/2018	2400	11	11	100	13	9	99	13	9	42
TWU31BF8	526698	WIN606U        	7/25/2018	2400	11	11	100	13	9	99	13	9	31
TWU31BF8	526709	CADETE42       	7/19/2018	60	11	11	100	11	9	97	11	5	52
TWU31BF8	526709	MULTIT42       	7/19/2018	60	11	11	100	11	9	97	11	5	52
TWU31BF8	526709	ROYALA43       	7/19/2018	60	13	13	0	11	9	99	11	5	52
TWU31BF8	526711	CANRA735       	7/19/2018	60	11	11	100	11	9	99	11	5	52
TWU31BF8	526711	LAGO442        	7/19/2018	60	11	11	100	11	9	99	11	5	52
TWU31BF8	526711	MINRE48        	7/19/2018	60	11	11	100	14	9	99	11	5	52
TWU31BF8	526711	TWILIL9        	7/20/2018	60	13	13	0	11	9	97	11	5	52
TWU31BF8	526713	CARDID6        	7/20/2018	600	11	11	100	11	9	97	11	9	60
TWU31BF8	526713	JUNIPI40       	7/21/2018	600	11	11	100	11	5	99	11	9	60
TWU31BF8	526713	MIDIN46        	7/21/2018	600	11	11	100	11	9	97	11	9	60
TWU31BF8	526713	OCNA407        	7/23/2018	600	11	11	100	11	9	96	11	9	60
TWU31BF8	526718	CARDID6        	7/20/2018	912	11	11	100	13	9	97	13	5	42
TWU31BF8	526718	JUNIPI40       	7/23/2018	912	11	11	100	13	5	98	13	5	42
TWU31BF8	526718	MIDIN46        	7/24/2018	912	13	13	0	13	9	97	13	5	42
TWU31BF8	526718	OCNA407        	7/25/2018	912	11	11	100	13	9	97	13	5	30
TWU31BF8	526722	CAYENE61       	7/24/2018	2160	11	11	100	11	9	97	11	5	60
TWU31BF8	526722	SPRU302        	7/25/2018	2160	11	11	100	11	9	96	11	5	52
T173BF84	526754	BAYLEA         	7/20/2018	1440	11	11	100	13	11	100	11	2	85
T173BF84	526754	GARNET6091     	7/21/2018	1440	11	11	100	13	9	100	11	2	85
T173BF84	526754	JETBK17000     	7/21/2018	1440	11	11	100	13	9	100	11	2	85
T173BF84	526754	ROUGE94        	7/23/2018	1440	11	11	100	13	9	100	11	2	85
T173BF84	526757	JETBK17000     	7/24/2018	4320	11	11	100	11	9	99	11	5	94
T173BF84	526757	ROUGE94        	7/25/2018	2160	11	11	100	11	9	100	11	5	62
T173BF84	526760	SMQT27000      	7/19/2018	2712	11	11	100	13	11	100	13	5	73
T173BF84	526771	ROUGE94        	7/19/2018	1200	11	11	100	11	11	100	11	5	86
T150BF85	526788	BLUEGR         	7/25/2018	831	9	9	0	11	9	99	11	9	49
T150BF85	526788	DARKNA1        	7/25/2018	1662	9	9	0	11	9	99	11	9	49
T150BF85	526791	GRAPHI3        	7/19/2018	5427	11	11	100	11	11	100	11	9	68
T150BF85	526791	LICORI1        	7/23/2018	5427	11	11	100	11	9	99	11	9	68
T150BF85	526791	ONYX011        	7/20/2018	10854	11	11	100	11	9	99	11	9	68
T150BF85	526791	RED6003        	7/25/2018	5427	11	11	100	11	10	99	11	9	47
T151BF83	526793	SOFTBL1        	7/19/2018	1250	11	11	100	11	11	100	11	5	44
T151BF83	526793	STREAM2        	7/19/2018	1250	11	11	100	11	11	100	11	5	44
T151BF83	526794	DARKNA1        	7/19/2018	1850	9	9	0	11	9	98	11	5	44
T151BF83	526794	MAHOGA7        	7/20/2018	1850	11	11	100	11	11	100	11	5	44
T151BF83	526794	WHITE116       	7/21/2018	1850	11	11	100	11	11	100	11	5	44
T151BF83	526795	WHITE116       	7/24/2018	4620	11	11	100	11	10	72	11	5	29
T151BF83	526796	BLACK018       	7/23/2018	856	11	11	100	11	9	99	11	5	42
T151BF83	526796	CARBON2        	7/23/2018	856	11	11	100	11	11	100	11	5	41
T151BF83	526796	MAHOGA7        	7/23/2018	856	11	11	100	11	11	100	11	5	39
T173BF84	526805	BAYLEA         	7/20/2018	2712	11	11	100	11	9	100	11	9	95
T173BF84	526805	GARNET6091     	7/21/2018	2712	11	11	100	11	9	99	11	9	95
T173BF84	526805	JETBK17000     	7/23/2018	2712	11	11	100	11	9	99	11	9	95
T173BF84	526805	ROUGE94        	7/24/2018	2712	11	11	100	11	9	100	11	9	95
T173BF84	526810	JETBK17000     	7/25/2018	5424	11	11	100	11	9	74	11	5	62
T173BF84	526817	BRITBLU434     	7/19/2018	1200	11	11	100	11	11	100	11	5	86
T173BF84	526817	DARKN41000     	7/20/2018	1200	11	11	100	11	10	99	11	5	84
T173BF84	526817	EMPIRE2        	7/20/2018	1200	11	9	64	11	9	100	11	5	80
T173BF84	526817	LILYPA         	7/20/2018	1200	11	11	100	11	11	100	11	5	79
T173BF84	526821	DARKN41000     	7/20/2018	2400	11	11	100	11	10	99	11	5	86
T173BF84	526821	EMPIRE2        	7/21/2018	1200	9	9	0	11	9	99	11	5	86
T173BF84	526821	REGTA992       	7/21/2018	1200	11	11	100	11	11	100	11	5	86
T173BF84	526826	JETBK17000     	7/23/2018	2400	11	11	100	11	9	99	11	5	86
T173BF84	526826	ROUGE94        	7/23/2018	1200	11	11	100	11	9	100	11	5	86
TK089BF8	526831	DARKN41000     	7/23/2018	2000	11	11	100	11	5	99	13	5	33
TK089BF8	526831	STREA27000     	7/24/2018	2000	11	11	100	11	5	71	13	5	33
T150BF84	526852	LEAF331        	7/25/2018	6980	11	10	35	11	9	72	11	9	36
T151BF83	526867	BLACK018       	7/20/2018	2000	11	11	100	11	9	99	11	5	44
T151BF83	526867	CARBON2        	7/21/2018	2000	11	11	100	11	11	100	11	5	44
T151BF83	526867	GRAYHE9        	7/21/2018	2000	11	11	100	11	10	99	11	5	44
T151BF83	526868	CONCOR         	7/19/2018	901	11	11	100	13	11	100	13	5	30
T151BF83	526868	GRAYHE9        	7/19/2018	901	11	11	100	13	11	100	13	5	30
T151BF83	526868	LEAF331        	7/19/2018	901	11	11	100	13	11	100	13	5	30
T151BF83	526870	DENIM42        	7/19/2018	850	11	11	100	13	11	100	13	5	33
T151BF83	526870	GRAYHE9        	7/20/2018	850	11	11	100	11	10	100	13	5	33
T151BF83	526870	SEA9612        	7/20/2018	850	11	11	100	13	11	100	13	5	33
T152BF83	526886	CONCOR         	7/21/2018	6326	11	10	44	11	10	99	11	5	40
T152BF83	526886	GRAYHE9        	7/24/2018	6326	11	10	74	11	9	53	11	5	36
T152BF83	526905	DENIM42        	7/23/2018	1020	11	11	100	11	10	70	11	5	33
T152BF83	526905	GRAYHE9        	7/24/2018	1020	10	10	0	11	9	54	11	5	33
T152BF83	526905	SEA9612        	7/24/2018	1020	11	11	100	11	10	56	11	5	33
T152BF84	526911	BLUEBI         	7/24/2018	15219	11	11	100	13	9	99	11	5	65
T152BF84	526911	CARBON2        	7/21/2018	15219	11	11	100	11	11	100	11	5	68
T152BF84	526913	BLUEGR1        	7/25/2018	743	9	9	0	11	9	96	11	5	37
T152BF84	526913	DRKNVY410M     	7/25/2018	743	9	9	0	11	9	96	11	5	36
T152BF84	526913	PETROL2        	7/25/2018	743	9	9	0	11	9	96	11	5	36
T173BF84	526917	DARKN41000     	7/23/2018	5424	11	11	100	11	9	99	11	9	94
T173BF84	526917	EMPIRE2        	7/25/2018	2712	9	9	0	11	9	98	11	5	58
T173BF84	526917	REGTA992       	7/25/2018	2712	11	9	27	11	9	100	11	5	57
TK089BF8	526923	BLACK07        	7/25/2018	6000	9	9	0	11	5	68	11	5	22
TK149BF8	526924	AFTON001       	7/25/2018	750	11	11	100	14	9	99	11	5	67
TK149BF8	526925	AFTON001       	7/23/2018	485	11	11	100	11	9	99	11	5	79
TK149BF8	526927	BLMI487        	7/24/2018	530	11	11	100	11	9	100	11	5	73
TK159BF8	526951	WHITE100P      	7/23/2018	74	13	11	100	13	11	100	13	13	0
TK196BF8	526954	DARKNA1        	7/25/2018	240	13	13	0	14	9	98	11	9	84
CO1512C8	527179	469VW52        	7/19/2018	404	13	11	100	11	11	100	12	2	75
CO1512C8	527181	648ZB71        	7/19/2018	336	11	11	100	11	11	100	12	2	75
CO1512C8	527184	648ZB71        	7/20/2018	2786	13	13	0	14	11	100	12	2	64
CO1582C8	527546	906BHGRYHT     	7/19/2018	8000	13	11	100	13	9	89	13	11	100
CO1582C8	527547	958SFICRED     	7/19/2018	8000	13	13	0	13	9	66	13	11	100
CO1582C8	527548	931MRG1        	7/25/2018	8000	11	11	100	11	9	72	12	9	92
O38504M8	527635	0BK09354A2     	7/20/2018	7073	11	11	100	14	11	100	13	11	100
O38503M8	527644	ROSYNE2B51     	7/21/2018	1958	13	11	100	11	2	58	13	13	0
O38503M8	527646	57M51          	7/19/2018	3427	11	11	100	13	2	53	13	13	0
O22504M8	527934	95D11          	7/25/2018	4252	11	11	100	11	11	100	14	11	100
O22504M8	527935	AQUATI         	7/21/2018	1913	11	11	100	13	11	100	14	13	100
O22504M8	527938	EMPIRE4        	7/24/2018	1764	11	11	100	11	5	94	14	11	100
O22504M8	527940	NEWNUD1        	7/21/2018	8864	11	11	100	13	11	100	13	13	0
O22504M8	527941	NEWSHE         	7/25/2018	2059	11	11	100	13	2	100	13	13	0
CO1583C8	528001	906BGH4        	7/25/2018	720	11	11	100	11	9	59	11	9	84
CO1584C8	528004	908ACWHITE     	7/25/2018	2500	11	11	100	11	9	99	12	2	77
CO1584C8	528014	906BGH1        	7/25/2018	2600	13	11	100	11	9	99	12	2	92
JJP174F8	528031	15REDF         	7/19/2018	36	11	11	100	13	5	16	14	11	100
JJP174F8	528031	15REDF1        	7/19/2018	36	11	11	100	13	5	7	14	11	100
JJP174F8	528034	15REDF         	7/20/2018	20	13	13	0	13	5	20	14	11	100
JJP174F8	528034	15REDF1        	7/20/2018	20	13	13	0	13	5	6	14	11	100
JJP174F8	528035	15REDF         	7/20/2018	36	13	13	0	13	5	26	14	11	100
JJP174F8	528035	15REDF1        	7/20/2018	36	13	13	0	13	5	7	14	11	100
JJP174F8	528036	15REDF         	7/19/2018	30	11	11	100	14	5	21	13	11	100
JJP174F8	528036	15REDF1        	7/19/2018	30	11	11	100	14	5	61	14	2	26
JJP174F8	528039	15REDF         	7/19/2018	48	13	13	0	13	5	35	14	11	100
JJP174F8	528039	15REDF1        	7/19/2018	48	13	13	0	13	5	6	14	11	100
JJP174F8	528047	69NAVY7        	7/19/2018	28	13	13	0	13	5	30	14	11	100
JJP174F8	528047	69NAVY8        	7/20/2018	28	13	13	0	13	5	8	14	11	100
JJP174F8	528048	69NAVY7        	7/20/2018	36	13	13	0	13	5	26	13	11	100
JJP174F8	528048	69NAVY8        	7/20/2018	36	13	13	0	13	5	5	13	11	100
JJP174F8	528049	69NAVY7        	7/19/2018	18	13	13	0	13	5	26	14	11	100
JJP174F8	528049	69NAVY8        	7/20/2018	18	13	13	0	13	5	7	14	11	100
JJP174F8	528050	69NAVY7        	7/20/2018	12	13	13	0	13	5	28	12	2	96
JJP174F8	528050	69NAVY8        	7/20/2018	12	13	13	0	13	5	6	14	2	96
JJP174F8	528076	15REDF         	7/19/2018	6	13	13	0	14	5	9	14	2	13
JJP174F8	528076	15REDF1        	7/19/2018	6	13	13	0	14	5	4	14	2	13
JJP174F8	528082	15REDF         	7/19/2018	84	13	13	0	13	5	15	14	11	100
JJP174F8	528082	15REDF1        	7/19/2018	84	13	13	0	13	5	2	14	11	100
JJP174F8	528083	15REDF         	7/19/2018	120	13	13	0	13	5	12	13	2	90
JJP174F8	528083	15REDF1        	7/19/2018	120	13	13	0	13	5	2	13	2	90
JJP174F8	528084	15REDF1        	7/19/2018	120	13	13	0	11	5	6	14	11	100
JJP174F8	528085	15REDF         	7/20/2018	18	11	11	100	13	5	20	13	11	100
JJP174F8	528085	15REDF1        	7/20/2018	18	11	11	100	13	5	5	13	11	100
JJP174F8	528086	15REDF         	7/20/2018	12	13	13	0	13	5	24	12	2	96
JJP174F8	528086	15REDF1        	7/20/2018	12	13	13	0	13	5	6	14	2	96
JJP174F8	528089	15REDF         	7/19/2018	28	13	13	0	14	5	23	14	11	100
JJP174F8	528089	15REDF1        	7/19/2018	28	13	13	0	14	5	8	14	11	100
JJP174F8	528090	15REDF         	7/19/2018	24	11	11	100	14	5	22	14	2	31
JJP174F8	528090	15REDF1        	7/19/2018	24	11	11	100	14	5	4	14	2	31
JJP174F8	528091	15REDF         	7/19/2018	12	13	13	0	14	5	23	13	11	100
JJP174F8	528091	15REDF1        	7/20/2018	12	13	13	0	14	5	8	14	11	100
JJP174F8	528092	15REDF         	7/20/2018	12	13	13	0	14	5	28	12	2	96
JJP174F8	528092	15REDF1        	7/20/2018	12	13	13	0	14	5	10	14	2	89
JJP174F8	528103	69NAVY7        	7/20/2018	12	13	13	0	14	5	28	14	11	100
JJP174F8	528103	69NAVY8        	7/20/2018	12	13	13	0	14	5	12	14	11	100
JJP174F8	528104	69NAVY7        	7/20/2018	12	13	13	0	14	5	23	12	2	96
JJP174F8	528104	69NAVY8        	7/20/2018	12	13	13	0	14	5	10	12	2	89
JJP174F8	528107	15REDF         	7/20/2018	732	11	11	100	13	5	29	13	11	100
JJP174F8	528107	15REDF1        	7/20/2018	732	11	11	100	11	5	8	13	2	94
JJP174F8	528108	15REDF         	7/19/2018	564	11	11	100	11	5	33	13	11	100
JJP174F8	528108	15REDF1        	7/19/2018	564	11	11	100	11	5	11	13	11	100
JJP174F8	528113	69NAVY7        	7/19/2018	324	5	5	0	13	11	100	14	11	100
JJP174F8	528113	69NAVY8        	7/19/2018	324	5	5	0	13	11	100	14	11	100
T152BF82	528283	CARBON2        	7/24/2018	7501	11	11	100	14	5	100	11	5	89
T152BF82	528285	GRAYHE9        	7/25/2018	7501	11	11	100	11	11	100	11	5	89
CO1583C8	528822	958SFXZ1       	7/23/2018	8000	11	11	100	11	9	63	12	5	92
CO1583C8	528824	906BGH5        	7/24/2018	8000	13	13	0	13	9	83	13	5	0
CO1582C8	528836	906BGH1        	7/25/2018	8000	13	13	0	11	9	61	12	9	92
CO1582C8	528838	958SFX         	7/20/2018	8000	13	13	0	13	9	67	13	9	2
CO1583C8	528841	958SFXZ1       	7/19/2018	8000	13	13	0	13	9	61	13	5	0
A06KHSF8	528860	GRECAG         	7/24/2018	10	13	13	0	11	11	100	11	11	100
A04KHSF8	528861	GRECAG         	7/24/2018	10	13	13	0	11	11	100	11	11	100
CN1952D8	529289	96MGGBLCK      	7/25/2018	15064	5	5	0	11	2	48	12	5	92
ABZ04SF8	529513	TLTRCGRY       	7/25/2018	2000	11	11	100	13	11	100	14	2	100
AZZ06SF8	529516	DRBLUBLU       	7/19/2018	5069	11	11	100	13	5	64	13	11	100
NK029BU8	530202	MELPISOPI      	7/23/2018	31	11	11	100	11	11	100	11	11	100
NK029BU8	530202	MPIMEGINT      	7/24/2018	31	11	11	100	11	11	100	11	11	100
NK029BU8	530203	MELPISOPI      	7/24/2018	127	11	11	100	11	11	100	11	11	100
NK029BU8	530203	MPIMEGINT      	7/24/2018	127	11	11	100	11	11	100	11	11	100
NK029BU8	530204	WHEBLCK        	7/25/2018	60	9	9	0	11	2	99	11	11	100
NK029BU8	530204	WTEWTE         	7/25/2018	60	11	11	100	11	9	100	11	11	100
NK029BU8	530205	WHEBLCK        	7/25/2018	237	9	9	0	11	2	99	11	11	100
NK007EU8	530228	BBLACK         	7/20/2018	900	11	10	13	11	9	80	11	2	67
NK036BU8	530251	PINKPINK       	7/19/2018	320	13	13	0	13	13	0	13	13	0
NK007EU8	530260	BBLACK         	7/24/2018	3600	11	10	13	11	2	75	11	2	67
NK024BU8	530286	BBLACK         	7/19/2018	112	13	13	0	11	9	99	11	11	100
NK024BU8	530287	BBLACK         	7/19/2018	462	11	11	100	11	9	99	11	11	100
NK024BU8	530288	BLWDENIM       	7/20/2018	32	13	13	0	11	11	100	11	11	100
NK024BU8	530288	BLWHTWHTE      	7/20/2018	32	13	13	0	11	9	99	11	11	100
NK024BU8	530289	BLWDENIM       	7/20/2018	124	13	13	0	11	11	100	11	11	100
NK024BU8	530289	BLWHTWHTE      	7/20/2018	124	13	13	0	11	9	99	11	11	100
NK024BU8	530290	WHPNSOFTP      	7/23/2018	51	11	11	100	11	11	100	11	11	100
NK024BU8	530290	WHPNWHTE       	7/23/2018	51	11	11	100	11	9	99	11	11	100
NK024BU8	530291	WHPNSOFTP      	7/23/2018	203	13	13	0	11	11	100	11	11	100
NK024BU8	530291	WHPNWHTE       	7/23/2018	203	13	13	0	11	9	99	11	11	100
NK036BU8	530299	BLCBLC         	7/19/2018	80	13	13	0	13	9	0	13	13	0
NK036BU8	530299	PINKPINK       	7/19/2018	80	13	13	0	13	13	0	13	13	0
NK036BU8	530300	WHEBLCK        	7/19/2018	400	13	13	0	11	9	99	11	11	100
NK036BU8	530300	WTEWTE         	7/19/2018	400	13	13	0	11	9	99	11	11	100
NK036BU8	530301	WHEBLCK        	7/19/2018	100	13	13	0	11	9	99	11	11	100
NK036BU8	530301	WTEWTE         	7/19/2018	100	13	13	0	11	9	99	11	11	100
N020ABU8	530307	WWHTE          	7/19/2018	334	11	11	100	13	13	0	13	13	0
NK001CU8	530309	PNKPRNTDOT     	7/19/2018	45	13	13	0	11	9	100	11	11	100
NK001CU8	530309	PRNTSFTPNK     	7/19/2018	45	13	13	0	11	11	100	11	11	100
NK001CU8	530309	PRNTSFTRIP     	7/19/2018	45	13	13	0	11	9	100	11	11	100
NK001CU8	530310	PRINTBLDOT     	7/19/2018	233	13	13	0	11	9	100	11	11	100
NK001CU8	530310	PRNTSTRIP1     	7/19/2018	233	13	13	0	11	9	100	11	11	100
NK001CU8	530310	PRTBLBLCK      	7/20/2018	233	13	13	0	11	9	47	11	11	100
NK001CU8	530311	PRNTMELAED     	7/20/2018	172	13	13	0	11	9	100	11	11	100
NK001CU8	530311	PRNTMELANG     	7/20/2018	172	13	13	0	11	11	100	11	11	100
NK001CU8	530311	PTMGPTSTRS     	7/20/2018	172	13	13	0	11	9	100	11	11	100
NK001CU8	530312	PRINTBLDOT     	7/20/2018	60	11	11	100	11	9	100	11	11	100
NK001CU8	530312	PRNTSTRIP1     	7/20/2018	60	11	11	100	11	9	100	11	11	100
NK001CU8	530312	PRTBLBLCK      	7/20/2018	60	11	11	100	11	9	47	11	11	100
NK001CU8	530313	PRNTMELAED     	7/20/2018	44	11	11	100	11	9	100	11	11	100
NK001CU8	530313	PRNTMELANG     	7/20/2018	44	11	11	100	11	11	100	11	11	100
NK001CU8	530313	PTMGPTSTRS     	7/20/2018	44	11	11	100	11	9	100	11	11	100
NK001CU8	530314	PNKPRNTDOT     	7/20/2018	176	11	11	100	11	9	100	11	11	100
NK001CU8	530314	PRNTSFTPNK     	7/20/2018	176	11	11	100	11	11	100	11	11	100
NK001CU8	530314	PRNTSFTRIP     	7/20/2018	176	11	11	100	11	9	100	11	11	100
NK002CU8	530315	PRINMELA       	7/19/2018	38	11	11	100	13	13	0	13	13	0
NK002CU8	530315	PRINTELA       	7/19/2018	38	11	11	100	13	13	0	13	13	0
NK002CU8	530315	PRINTMELA      	7/19/2018	38	11	11	100	13	13	0	13	13	0
NK002EU8	530316	BBLACK         	7/19/2018	3025	13	13	0	13	9	0	13	13	0
NK002EU8	530317	BBLACK         	7/23/2018	755	13	13	0	13	2	0	13	13	0
NK002EU8	530318	SOLIDMBLCK     	7/23/2018	142	11	11	100	13	2	0	13	13	0
NK002EU8	530318	SOLMULPINK     	7/23/2018	142	11	11	100	13	13	0	13	13	0
NK002EU8	530318	SOLMULWHT      	7/23/2018	71	11	11	100	13	13	0	13	13	0
NK002EU8	530319	SOLIDMBLCK     	7/23/2018	588	13	13	0	11	2	33	11	11	100
NK002EU8	530319	SOLMULPINK     	7/24/2018	588	13	13	0	11	11	100	11	11	100
NK002EU8	530319	SOLMULWHT      	7/24/2018	294	13	13	0	11	9	86	11	11	100
NK002EU8	530320	WWHTE          	7/24/2018	580	11	11	100	11	9	33	11	11	100
NK002EU8	530321	WWHTE          	7/24/2018	2330	11	11	100	11	9	33	11	11	100
NK003CU8	530322	PRINMELA       	7/25/2018	45	11	11	100	11	9	50	11	11	100
NK003CU8	530322	PRINTELA       	7/25/2018	45	11	11	100	11	9	50	11	11	100
NK003CU8	530322	PRINTMELA      	7/25/2018	45	11	11	100	11	9	100	11	11	100
NK003CU8	530323	PRINSOFT       	7/25/2018	221	11	11	100	11	9	100	11	11	100
NK015EU8	530331	WWHTE          	7/20/2018	300	11	11	100	11	9	99	11	11	100
N020ABU8	530334	MEELANGE       	7/23/2018	360	11	11	100	11	9	99	11	11	100
N031ABU8	530337	BBLACK         	7/23/2018	218	11	11	100	11	2	99	11	11	100
N031ABU8	530338	MEELANGE       	7/24/2018	390	13	13	0	11	9	100	11	11	100
N031ABU8	530339	PRINTSTRPE     	7/24/2018	308	13	13	0	11	2	99	11	11	100
N031ABU8	530340	WWHTE          	7/24/2018	86	13	13	0	11	9	99	11	11	100
N031ABU8	530341	WWHTE          	7/24/2018	356	11	11	100	11	9	99	11	11	100
NK001EU8	530342	SOLIDMBLCK     	7/23/2018	148	11	11	100	11	2	31	11	11	100
NK001EU8	530342	SOLMULPINK     	7/23/2018	148	11	11	100	11	11	100	11	11	100
NK001EU8	530342	SOLMULWHT      	7/23/2018	74	11	11	100	11	9	100	11	11	100
NK001EU8	530343	WWHTE          	7/23/2018	1120	11	11	100	11	9	100	11	11	100
NK002CU8	530344	PNKPRNTDOT     	7/19/2018	148	11	11	100	13	13	0	13	13	0
NK002CU8	530344	PRINSOFT       	7/19/2018	148	11	11	100	13	13	0	13	13	0
NK002CU8	530344	PRNTSFTRIP     	7/19/2018	148	11	11	100	13	13	0	13	13	0
NK015EU8	530372	BBLACK         	7/23/2018	2000	11	11	100	11	2	99	11	11	100
NK015EU8	530373	BBLACK         	7/24/2018	500	11	11	100	11	2	99	11	11	100
NK015EU8	530374	MEELANGE       	7/24/2018	190	11	11	100	11	11	100	11	11	100
NK015EU8	530375	SONKFTPINK     	7/24/2018	535	11	11	100	11	11	100	11	11	100
NK015EU8	530376	SONKFTPINK     	7/24/2018	130	11	11	100	11	11	100	11	11	100
NK015EU8	530377	WWHTE          	7/24/2018	1200	11	11	100	11	9	99	11	11	100
NK023BU8	530383	BBLACK         	7/23/2018	968	11	11	100	11	2	99	11	11	100
NK023BU8	530384	BBLACK         	7/24/2018	244	11	9	61	11	2	99	11	11	100
NK023BU8	530385	BLMXBRGHT      	7/25/2018	62	11	11	100	11	11	100	11	11	100
NK023BU8	530385	BLMXDENM       	7/25/2018	62	11	11	100	11	11	100	11	11	100
NK023BU8	530386	PRWHPRSTRP     	7/25/2018	184	11	9	86	11	2	82	11	11	100
NK023BU8	530386	PRWHWHTE       	7/25/2018	184	11	11	100	11	9	99	11	11	100
NK023BU8	530387	WHPNSOFTP      	7/25/2018	86	11	11	100	11	11	100	11	11	100
NK023BU8	530387	WHPNWHTE       	7/25/2018	86	11	11	100	11	9	99	11	11	100
N020ABU8	530388	MEELANGE       	7/25/2018	90	13	13	0	11	9	99	11	11	100
N020ABU8	530389	WWHTE          	7/25/2018	80	13	13	0	11	9	99	11	11	100
N021ABU8	530390	BBLACK         	7/25/2018	438	9	9	0	14	2	99	11	11	100
N021ABU8	530391	BBLACK         	7/25/2018	108	13	13	0	14	2	99	11	11	100
N021ABU8	530392	MEELANGE       	7/25/2018	424	11	11	100	11	9	100	11	11	100
N021ABU8	530393	PRINTSTRPE     	7/25/2018	290	11	11	100	14	2	60	11	11	100
NK001EU8	530398	BBLACK         	7/23/2018	1600	11	11	100	11	2	31	11	11	100
NK001EU8	530399	BBLACK         	7/24/2018	400	9	9	0	11	2	31	11	11	100
NK001EU8	530400	SOLIDMBLCK     	7/24/2018	602	9	9	0	11	2	31	11	11	100
NK001EU8	530400	SOLMULPINK     	7/24/2018	602	11	11	100	11	11	100	11	11	100
NK001EU8	530400	SOLMULWHT      	7/25/2018	301	11	11	100	11	9	31	11	11	100
NK001EU8	530401	WWHTE          	7/25/2018	275	11	11	100	11	9	31	11	11	100
NK002CU8	530403	PRINTBLAC      	7/19/2018	32	11	11	100	13	13	0	13	13	0
NK002CU8	530403	PRINTBLDOT     	7/19/2018	32	11	11	100	13	13	0	13	13	0
NK002CU8	530403	PRNTAC         	7/19/2018	32	11	11	100	13	13	0	13	13	0
NK014CU8	530413	PRINTDOTP      	7/25/2018	60	11	11	100	11	9	99	11	11	100
NK015EU8	530418	MEELANGE       	7/25/2018	785	11	11	100	11	11	100	11	11	100
NK023BU8	530421	BLMXBRGHT      	7/25/2018	253	11	10	84	11	11	100	11	11	100
NK023BU8	530421	BLMXDENM       	7/25/2018	253	11	11	100	11	11	100	11	11	100
CA3314C8	530426	965JY72        	7/20/2018	882	11	5	7	14	2	93	14	5	100
CZ3428D8	530489	2975FRFRT      	7/20/2018	180	11	11	100	14	11	100	12	4	50
CZ3428D8	530491	10WHIT1        	7/21/2018	72	11	11	100	14	5	100	14	11	100
CZ3428D8	530498	274AMEL        	7/20/2018	2500	11	11	100	11	5	100	12	5	100
CZ3428D8	530499	274AMEL        	7/24/2018	250	11	11	100	14	11	100	12	4	99
CZ3428D8	530501	274AMEL        	7/24/2018	60	11	11	100	14	11	100	14	11	100
CZ3428D8	530505	2975FRFRT      	7/24/2018	60	11	11	100	14	11	100	14	11	100
CZ3428D8	530509	4613SYSKY      	7/24/2018	60	11	11	100	14	11	100	14	11	100
CZ3429D8	530514	001LACK1       	7/25/2018	120	13	11	100	14	5	76	14	11	100
CZ3429D8	530515	10WHIT1        	7/19/2018	60	13	13	0	13	13	0	14	12	100
CZ3429D8	530518	274AMEL        	7/25/2018	48	13	11	100	13	13	0	14	12	100
CZ3429D8	530519	2975FRFRT      	7/19/2018	48	13	11	100	13	13	0	14	12	100
CZ3429D8	530520	4613SYSKY      	7/25/2018	48	13	13	0	14	11	100	14	11	100
CZ3558D8	530522	924PQLS        	7/20/2018	416	11	11	100	14	11	100	12	2	96
AC181SF8	530528	BLKBLACKA      	7/20/2018	4136	11	11	100	11	11	100	11	10	100
AC184SF8	530530	BLKBLACKA      	7/20/2018	4085	11	11	100	11	11	100	11	10	100
JJP286H8	530539	08GREYBO       	7/19/2018	1260	13	13	0	11	11	100	11	11	100
JJP286H8	530539	08GREYTO       	7/19/2018	1260	13	13	0	13	11	100	11	11	100
JJP286H8	530540	08GREYBO       	7/23/2018	732	13	13	0	11	11	100	11	1	97
JJP286H8	530540	08GREYTO       	7/24/2018	732	13	13	0	13	11	100	14	11	100
JJP286H8	530541	08GREYBO       	7/24/2018	3132	11	11	100	11	11	100	11	1	96
JJP286H8	530541	08GREYTO       	7/24/2018	3132	11	11	100	11	10	99	11	11	100
JJP286H8	530543	08GREYBO       	7/25/2018	360	13	13	0	11	11	100	11	11	100
JJP286H8	530543	08GREYTO       	7/25/2018	360	13	13	0	13	11	100	11	11	100
JJP287H8	530549	69NAVYBO       	7/19/2018	732	13	13	0	11	11	100	14	2	100
JJP287H8	530549	69NAVYTO       	7/19/2018	732	13	13	0	13	11	100	11	11	100
JJP287H8	530550	69NAVYBO       	7/20/2018	276	13	13	0	11	11	100	11	11	100
JJP287H8	530550	69NAVYTO       	7/20/2018	276	13	13	0	13	11	100	11	11	100
JJP287H8	530551	69NAVYBO       	7/23/2018	720	13	11	100	11	11	100	14	11	100
JJP287H8	530551	69NAVYTO       	7/23/2018	720	13	11	100	13	11	100	11	11	100
B22201A8	530823	BLACK          	7/23/2018	351	13	13	0	13	2	0	14	11	100
B22201A8	530823	NUDE           	7/23/2018	351	5	2	0	13	2	0	14	2	85
B22201A8	530823	WHITE          	7/23/2018	351	13	13	0	13	2	0	14	11	100
B22201A8	530824	BLACK          	7/19/2018	351	13	13	0	13	13	0	13	11	100
B22201A8	530824	NUDE           	7/19/2018	351	13	13	0	13	11	100	13	4	87
B22201A8	530824	WHITE          	7/20/2018	351	13	13	0	13	13	0	13	11	100
B22201A8	530828	NUDE           	7/19/2018	351	13	13	0	13	13	0	14	2	95
B22201A8	530828	WHITE          	7/19/2018	351	13	13	0	13	13	0	14	11	100
B22101A8	530831	NUDE 1         	7/19/2018	759	13	2	0	11	2	81	14	2	3
B22101A8	530831	WHITECOT       	7/19/2018	759	13	2	0	14	11	100	14	2	3
B22201A8	530832	BLACK          	7/20/2018	351	13	13	0	14	13	100	14	11	100
B22201A8	530832	NUDE           	7/20/2018	351	13	13	0	14	4	44	14	4	95
B22201A8	530832	WHITE          	7/20/2018	351	13	13	0	14	4	0	14	11	100
AC188SF8	530840	WINNPPRNT      	7/25/2018	1128	11	11	100	11	11	100	11	5	51
AC188SF8	530841	BLKBLACKA      	7/20/2018	5452	11	11	100	11	9	99	11	10	100
AC182SF8	530843	BLKBLACKA      	7/24/2018	2375	11	11	100	11	9	99	11	9	88
AC188SF8	530853	HTHGRY         	7/20/2018	2350	11	11	100	11	11	100	11	10	100
CN2136C8	531169	959FGNHTHR     	7/24/2018	1200	5	5	0	11	6	23	12	5	71
CN2136C8	531169	959SCAGRE      	7/24/2018	1200	11	11	100	11	5	1	12	5	71
CN2136C8	531172	959SCAGRE      	7/19/2018	1800	11	11	100	11	5	11	12	5	71
CZ1506D8	531193	10WHIT1        	7/19/2018	4796	11	11	100	14	5	71	12	5	71
CZ1504D8	531212	001LACK1       	7/20/2018	825	13	11	100	13	9	89	13	5	0
CN2136C8	531409	08BLACK        	7/20/2018	1500	11	11	100	11	2	22	12	5	71
CN2136C8	531409	08GYSKY        	7/21/2018	1500	11	11	100	11	2	1	12	5	71
CN2136C8	531420	957FBRI        	7/21/2018	2112	11	5	94	11	2	1	12	5	71
CN2136C8	531420	957MAJOLI      	7/23/2018	2112	7	7	0	11	5	22	12	5	71
O30409M8	531910	BARB3Y9W       	7/19/2018	6856	11	11	100	11	11	100	13	11	100
O30409M8	531912	TRORG09W6      	7/23/2018	2297	13	11	100	14	11	100	13	11	100
O30409M8	531913	28P7           	7/21/2018	9213	13	11	100	13	11	100	13	11	100
O30409M8	531914	LOV0D1Z        	7/19/2018	4900	11	11	100	13	11	100	13	11	100
O30409M8	531916	12334041GU     	7/21/2018	2459	11	11	100	11	11	100	13	11	100
O30409M8	531917	12334641GY     	7/21/2018	3921	11	11	100	13	11	100	13	11	100
O30409M8	531920	BRIGH94V9      	7/19/2018	6660	11	11	100	13	11	100	13	11	100
L34259M8	531926	PNKIVMQX       	7/23/2018	8074	11	11	100	14	11	100	11	11	100
L34259M8	531931	LOV0D1Z        	7/25/2018	5936	11	4	97	14	11	100	11	11	100
T151BH83	531979	BLACK018       	7/21/2018	9000	11	11	100	11	9	99	11	5	44
O34259M8	532004	LOV0D1Z        	7/20/2018	2648	11	11	100	11	11	100	11	11	100
O32784M8	532008	31852741LL     	7/23/2018	2110	11	6	66	11	11	100	11	11	100
O32784M8	532009	31852741LD     	7/24/2018	3915	11	11	100	11	7	99	11	11	100
O34266M8	532014	31852741TS     	7/23/2018	1335	11	11	100	11	11	100	11	11	100
O34266M8	532015	31852741LD     	7/21/2018	2485	11	11	100	11	11	100	11	11	100
O34260M8	532017	31852741LL     	7/19/2018	2890	11	11	100	11	11	100	11	11	100
O32786M8	532022	31852741LD     	7/19/2018	5250	13	11	100	14	11	100	13	11	100
T190BG83	532789	DARKN41000     	7/20/2018	2500	11	11	100	11	10	100	11	9	95
T190BG83	532789	GRAYHE         	7/25/2018	2500	11	11	100	11	9	99	11	9	81
T151BG83	532815	BLACK001C      	7/24/2018	3150	11	11	100	11	9	71	11	5	37
T151BG83	532824	DRKNAVY410     	7/25/2018	1050	9	9	0	11	9	70	11	5	21
JJP327F8	532873	08DARK         	7/24/2018	1269	7	7	0	14	2	49	11	2	89
JJP327F8	532873	08DARK1        	7/24/2018	1269	7	7	0	11	2	78	11	2	68
JJP327F8	532874	08DARK         	7/23/2018	4176	11	7	88	14	2	52	14	11	100
JJP327F8	532874	08DARK1        	7/23/2018	4176	7	7	0	11	2	42	14	11	100
JJP327F8	532875	10PINK8        	7/23/2018	3807	11	11	100	11	2	94	11	5	89
JJP327F8	532875	10PINK9        	7/23/2018	3807	11	11	100	11	2	78	11	2	68
JJP327F8	532876	10PINK8        	7/23/2018	5808	11	11	100	11	2	91	11	2	90
JJP327F8	532876	10PINK9        	7/23/2018	5808	11	11	100	11	2	68	11	2	69
JJP327F8	532888	08DARK         	7/25/2018	4728	7	4	0	11	2	36	11	2	86
JJP327F8	532888	08DARK1        	7/24/2018	4728	7	7	0	11	2	78	11	2	66
JJP327F8	532893	10PINK8        	7/24/2018	6600	11	7	55	11	2	94	11	2	86
JJP327F8	532893	10PINK9        	7/24/2018	6600	7	4	0	11	2	77	11	2	65
JJP327F8	532918	08DARK         	7/20/2018	840	11	5	59	11	5	28	12	5	89
JJP327F8	532918	08DARK1        	7/20/2018	840	5	5	0	11	5	12	12	2	89
JJP327F8	532919	08DARK         	7/19/2018	528	11	11	100	14	11	100	14	11	100
JJP327F8	532919	08DARK1        	7/19/2018	528	11	11	100	14	11	100	14	11	100
JJP327F8	532921	10PINK8        	7/20/2018	840	11	11	100	11	2	93	13	4	89
JJP327F8	532921	10PINK9        	7/20/2018	840	11	11	100	11	2	70	13	2	88
JJP327F8	532922	10PINK8        	7/20/2018	552	13	11	100	14	2	92	14	11	100
JJP327F8	532922	10PINK9        	7/20/2018	552	11	11	100	14	2	76	14	11	100
JJP327F8	532931	08DARK         	7/24/2018	12	13	13	0	14	2	30	14	2	89
JJP327F8	532931	08DARK1        	7/24/2018	12	13	13	0	13	2	30	14	2	68
JJP327F8	532932	10PINK8        	7/24/2018	12	13	13	0	13	2	30	14	2	89
JJP327F8	532932	10PINK9        	7/24/2018	12	13	13	0	13	2	30	14	2	68
JJP327F8	533164	08DARK         	7/24/2018	54	13	13	0	14	2	15	11	2	15
JJP327F8	533164	08DARK1        	7/24/2018	54	13	13	0	13	2	14	14	2	15
JJP327F8	533165	08DARK         	7/23/2018	48	13	13	0	14	2	27	11	2	90
JJP327F8	533165	08DARK1        	7/23/2018	48	13	13	0	13	2	27	11	2	69
JJP327F8	533166	08DARK         	7/23/2018	48	7	7	0	14	2	27	11	2	89
JJP327F8	533166	08DARK1        	7/23/2018	48	7	7	0	13	2	27	11	2	68
JJP327F8	533167	08DARK         	7/23/2018	24	7	7	0	14	2	29	11	2	84
JJP327F8	533167	08DARK1        	7/23/2018	24	7	7	0	13	2	28	11	2	68
JJP327F8	533176	08DARK         	7/24/2018	24	13	13	0	14	2	12	11	2	20
JJP327F8	533176	08DARK1        	7/24/2018	24	13	13	0	13	2	15	14	2	20
JJP327F8	533177	08DARK         	7/24/2018	24	13	13	0	14	2	13	11	2	20
JJP327F8	533177	08DARK1        	7/24/2018	24	13	13	0	13	2	17	14	2	20
JJP327F8	533179	10PINK8        	7/24/2018	24	13	13	0	13	2	35	11	2	89
JJP327F8	533179	10PINK9        	7/24/2018	24	13	13	0	11	2	32	11	2	68
JJP327F8	533181	08DARK         	7/24/2018	72	13	13	0	14	2	10	14	2	88
JJP327F8	533181	08DARK1        	7/24/2018	72	13	13	0	13	2	11	11	2	68
JJP327F8	533182	10PINK8        	7/24/2018	48	13	13	0	13	2	27	11	2	86
JJP327F8	533182	10PINK9        	7/24/2018	48	13	13	0	13	2	27	11	2	66
JJP327F8	533183	10PINK8        	7/23/2018	48	13	13	0	13	2	27	11	2	89
JJP327F8	533183	10PINK9        	7/23/2018	48	13	13	0	13	2	27	11	2	68
JJP327F8	533192	08DARK         	7/19/2018	864	11	11	100	13	5	28	13	5	9
JJP327F8	533192	08DARK1        	7/19/2018	864	11	11	100	11	5	12	13	5	40
JJP327F8	533199	10PINK8        	7/19/2018	2796	11	11	100	13	11	100	13	5	67
JJP327F8	533199	10PINK9        	7/19/2018	2796	11	11	100	13	11	100	13	5	11
JJP327F8	533203	10PINK8        	7/19/2018	924	13	13	0	11	5	28	14	5	93
JJP327F8	533203	10PINK9        	7/19/2018	924	13	13	0	11	5	12	14	5	35
JJP327F8	533204	10PINK8        	7/24/2018	54	13	13	0	11	2	35	11	2	89
JJP327F8	533204	10PINK9        	7/24/2018	54	13	13	0	13	2	28	11	2	68
JJP327F8	533205	10PINK8        	7/24/2018	72	13	13	0	13	2	35	14	2	88
JJP327F8	533205	10PINK9        	7/24/2018	72	13	13	0	11	2	29	11	2	68
JJP327F8	533206	10PINK8        	7/23/2018	24	11	11	100	13	2	29	11	2	89
JJP327F8	533206	10PINK9        	7/23/2018	24	11	11	100	13	2	28	11	2	68
JJP327F8	533211	08DARK         	7/19/2018	380	11	11	100	11	5	29	13	5	9
JJP327F8	533211	08DARK1        	7/19/2018	380	11	11	100	11	5	14	13	5	9
JJP327F8	533212	08DARK         	7/20/2018	924	5	5	0	11	5	26	11	5	89
JJP327F8	533212	08DARK1        	7/20/2018	924	5	5	0	13	5	9	11	5	68
JJP327F8	533225	10PINK8        	7/24/2018	24	13	13	0	13	2	36	14	2	20
JJP327F8	533225	10PINK9        	7/24/2018	24	13	13	0	11	2	31	14	2	20
CN1893D8	533683	900MP11        	7/19/2018	7040	5	5	0	11	2	32	12	5	73
CN1893D8	533683	900MWHITE      	7/21/2018	7040	5	5	0	11	2	25	12	5	73
AZZ04SF8	534125	TLTRCGRY       	7/22/2018	3	13	13	0	14	11	100	0	0	0
AZZ06SF8	534126	BLAKA2         	7/22/2018	3	13	13	0	14	11	100	0	0	0
AZZ06SF8	534128	TLTRCGRY       	7/22/2018	3	13	13	0	14	11	100	0	0	0
ABZ04SF8	534130	BLAKA2         	7/24/2018	3	13	13	0	13	11	100	0	0	0
AZZ06SF8	534131	DRBLUBLU       	7/22/2018	3	13	13	0	14	11	100	0	0	0
ABZ04SF8	534133	DRBLUBLU       	7/24/2018	3	13	13	0	11	11	100	0	0	0
AZZ04SF8	534134	DRBLUBLU       	7/22/2018	3	13	13	0	14	11	100	0	0	0
ABZ04SF8	534135	TLTRCGRY       	7/25/2018	3	13	13	0	11	11	100	0	0	0
AZZ04SF8	534136	BLAKA2         	7/22/2018	3	13	13	0	14	11	100	0	0	0
JJP316F8	534147	01OFFWH        	7/23/2018	144	11	11	100	13	2	21	13	5	93
JJP316F8	534147	01TARBT        	7/23/2018	144	11	11	100	13	2	8	13	5	93
JJP316F8	534151	01OFFWH        	7/23/2018	156	11	11	100	13	2	8	13	5	93
JJP316F8	534151	01TARBT        	7/23/2018	156	11	11	100	13	2	8	13	5	34
JJP316F8	534157	69BOTTOM       	7/24/2018	156	11	11	100	13	2	8	13	5	34
JJP316F8	534157	69TARTA        	7/24/2018	156	11	11	100	14	2	19	13	5	93
JJP316F8	534158	69BOTTOM       	7/24/2018	144	11	11	100	13	2	8	11	5	80
JJP316F8	534158	69TARTA        	7/24/2018	144	11	11	100	14	2	19	11	5	99
JJP316F8	534160	01OFFWH        	7/24/2018	456	11	11	100	11	2	30	11	5	99
JJP316F8	534160	01TARBT        	7/24/2018	456	11	11	100	11	2	10	11	5	80
JJP316F8	534166	69BOTTOM       	7/25/2018	456	11	11	100	11	2	14	13	5	33
JJP316F8	534166	69TARTA        	7/25/2018	456	11	11	100	14	2	33	13	5	92
JOS316F8	534167	01OFFWH        	7/23/2018	120	11	11	100	11	2	43	13	11	100
JOS316F8	534167	01TARBT        	7/23/2018	120	11	11	100	11	2	12	14	11	100
JOS316F8	534168	01OFFWH        	7/23/2018	672	11	11	100	11	2	40	13	5	92
JOS316F8	534168	01TARBT        	7/23/2018	672	11	11	100	13	2	7	14	5	92
JOS316F8	534169	69BOTTOM       	7/25/2018	180	11	11	100	13	2	12	11	5	78
JOS316F8	534169	69TARTA        	7/25/2018	180	11	11	100	14	2	42	11	5	96
JOS316F8	534170	69BOTTOM       	7/25/2018	1020	11	11	100	11	2	83	11	5	78
JOS316F8	534170	69TARTA        	7/25/2018	1020	11	11	100	11	2	93	11	5	96
AC188SF8	534174	DRBNPPRNT      	7/20/2018	12	11	11	100	11	11	100	11	5	67
AC188SF8	534175	HTRDEREDIN     	7/23/2018	12	11	11	100	11	11	100	11	11	100
AC188SF8	534176	MAPLESUG       	7/23/2018	12	11	11	100	11	11	100	11	11	100
AC188SF8	534177	NAVYBNV        	7/24/2018	12	11	11	100	11	11	100	11	9	83
AC188SF8	534179	QUAILL         	7/24/2018	5	4	4	0	11	11	100	0	0	0
AC181SF8	534180	WHTWHITEA      	7/20/2018	12	11	11	100	11	11	100	11	11	100
AC181SF8	534181	BLKBLACKA      	7/23/2018	12	11	11	100	11	9	99	11	11	100
AC188SF8	534182	BLKBLACKA      	7/24/2018	12	11	11	100	11	9	99	11	9	83
AC184SF8	534183	WINETASTNG     	7/20/2018	12	11	11	100	11	11	100	11	11	100
AC184SF8	534184	NAVYBNV        	7/20/2018	12	11	11	100	11	11	100	11	11	100
AC184SF8	534185	MAPLESUG       	7/20/2018	12	11	11	100	11	11	100	11	11	100
AC181SF8	534186	MAPLESUG       	7/20/2018	5	11	11	100	11	2	93	0	0	0
AC184SF8	534187	HTHGRY         	7/20/2018	12	11	11	100	11	11	100	11	11	100
AC184SF8	534188	BLKBLACKA      	7/20/2018	12	11	11	100	11	9	99	11	11	100
AC182SF8	534189	MAUINLUE       	7/23/2018	10	11	11	100	11	11	100	11	11	100
AC182SF8	534190	QUAILL         	7/23/2018	12	4	4	0	11	11	100	11	11	100
AC182SF8	534191	NAVYBNV        	7/24/2018	10	11	11	100	11	11	100	11	9	83
AC182SF8	534192	HTRDEREDIN     	7/24/2018	10	11	11	100	11	11	100	11	9	83
AC184SF8	534193	WINETASTNG     	7/20/2018	5	11	11	100	11	11	100	0	0	0
AC184SF8	534194	NAVYBNV        	7/20/2018	5	11	11	100	11	11	100	0	0	0
AC184SF8	534195	MAPLESUG       	7/20/2018	5	11	11	100	11	11	100	0	0	0
AC184SF8	534196	HTHGRY         	7/20/2018	5	11	11	100	11	11	100	0	0	0
AC181SF8	534198	HTHGRY         	7/20/2018	5	11	11	100	11	4	93	0	0	0
AC188SF8	534200	WINNPPRNT      	7/25/2018	12	11	11	100	11	11	100	11	5	50
AC188SF8	534201	WINNPPRNT      	7/25/2018	5	11	11	100	11	11	100	0	0	0
AC182SF8	534202	BLKBLACKA      	7/24/2018	12	11	11	100	11	9	99	11	9	83
AC188SF8	534203	MAUINLUE       	7/20/2018	12	11	11	100	11	11	100	11	11	100
AC182SF8	534204	DRBNPPRNT      	7/24/2018	10	11	11	100	11	11	100	11	9	83
AC182SF8	534205	WINETASTNG     	7/24/2018	10	11	11	100	11	11	100	11	9	83
AC182SF8	534206	MAPLESUG       	7/24/2018	12	11	11	100	11	11	100	11	9	83
AC182SF8	534207	WHTWHITEA      	7/24/2018	10	11	11	100	11	11	100	11	9	83
AC188SF8	534208	NAVYBNV        	7/24/2018	5	11	11	100	11	11	100	0	0	0
AC188SF8	534209	MAPLESUG       	7/20/2018	5	11	11	100	11	11	100	0	0	0
AC181SF8	534211	WHTWHITEA      	7/20/2018	5	11	11	100	11	11	100	0	0	0
AC181SF8	534217	WINETASTNG     	7/20/2018	5	11	11	100	11	2	93	0	0	0
AC182SF8	534219	DRBNPPRNT      	7/23/2018	5	11	11	100	11	11	100	0	0	0
AC182SF8	534220	HTHGRY         	7/23/2018	5	11	11	100	11	11	100	0	0	0
AC182SF8	534221	HTRDEREDIN     	7/23/2018	5	11	11	100	11	11	100	0	0	0
AC182SF8	534222	MAPLESUG       	7/23/2018	5	11	11	100	11	11	100	0	0	0
AC182SF8	534223	MAUINLUE       	7/23/2018	5	11	11	100	11	11	100	0	0	0
AC182SF8	534224	NAVYBNV        	7/23/2018	5	11	11	100	11	11	100	0	0	0
AC182SF8	534225	QUAILL         	7/23/2018	5	4	4	0	11	11	100	0	0	0
AC182SF8	534226	WHTWHITEA      	7/23/2018	5	11	11	100	11	11	100	0	0	0
AC182SF8	534227	WINETASTNG     	7/23/2018	5	11	11	100	11	11	100	0	0	0
AC182SF8	534228	WINNPPRNT      	7/23/2018	5	11	11	100	11	11	100	0	0	0
AC182SF8	534230	HTHGRY         	7/24/2018	10	11	11	100	11	11	100	11	9	83
AC182SF8	534231	WINNPPRNT      	7/24/2018	10	11	11	100	11	11	100	11	9	83
AC188SF8	534233	WHITE22        	7/20/2018	5	11	11	100	11	11	100	0	0	0
AC188SF8	534234	DESERROSE      	7/20/2018	5	11	11	100	11	10	99	0	0	0
AC188SF8	534235	HTHGRY         	7/23/2018	5	11	11	100	11	11	100	0	0	0
AC188SF8	534236	HTRDEREDIN     	7/23/2018	5	11	11	100	11	11	100	0	0	0
AC188SF8	534237	WINETASTNG     	7/23/2018	5	11	11	100	11	11	100	0	0	0
AC188SF8	534238	MAUINLUE       	7/20/2018	5	11	11	100	11	11	100	0	0	0
AC188SF8	534239	WHITE22        	7/20/2018	12	11	11	100	11	11	100	11	11	100
AC188SF8	534240	DESERROSE      	7/20/2018	12	11	11	100	11	10	99	11	11	100
AC188SF8	534241	HTHGRY         	7/23/2018	12	11	11	100	11	11	100	11	11	100
AC188SF8	534242	QUAILL         	7/24/2018	12	4	4	0	11	11	100	11	9	83
AC188SF8	534243	WINETASTNG     	7/23/2018	12	11	11	100	11	11	100	11	11	100
AC181SF8	534739	WINETASTNG     	7/20/2018	10	11	11	100	11	2	93	0	0	0
AC181SF8	534740	WINETASTNG     	7/20/2018	180	11	11	100	11	2	93	0	0	0
AC181SF8	534742	HTHGRY         	7/20/2018	10	11	11	100	11	4	93	0	0	0
AC181SF8	534743	MAPLESUG       	7/20/2018	10	11	11	100	11	2	93	0	0	0
AC188SF8	534744	WINETASTNG     	7/20/2018	240	11	11	100	11	11	100	0	0	0
SCU30197	535177	900MPHEEY      	7/21/2018	13600	5	5	0	11	5	100	14	5	55
SCU30197	535177	900MPWHTE      	7/25/2018	13600	5	5	0	11	2	70	14	5	52
SCU30197	535178	0001BLACK      	7/20/2018	30240	5	5	0	11	5	77	14	5	72
SCU40007	535183	0001BLACK      	7/21/2018	32960	5	5	0	14	5	71	14	6	100
JOS174F8	535184	15REDF         	7/24/2018	350	11	11	100	11	2	92	11	11	100
JOS174F8	535184	15REDF1        	7/24/2018	350	11	11	100	11	2	83	11	5	79
JOS174F8	535185	15REDF         	7/25/2018	168	13	11	100	14	2	49	11	2	86
JOS174F8	535185	15REDF1        	7/25/2018	168	13	13	0	11	2	8	14	2	66
JOS174F8	535186	15REDF         	7/24/2018	264	11	11	100	14	2	94	12	5	100
JOS174F8	535186	15REDF1        	7/24/2018	264	11	11	100	11	2	83	11	5	79
JOS174F8	535187	15REDF         	7/20/2018	732	11	11	100	11	5	39	12	11	100
JOS174F8	535187	15REDF1        	7/20/2018	732	11	11	100	13	5	6	14	11	100
JOS174F8	535198	15REDF         	7/23/2018	168	13	11	100	11	2	50	13	11	100
JOS174F8	535198	15REDF1        	7/23/2018	168	13	13	0	13	2	8	14	11	100
JOS174F8	535199	15REDF         	7/24/2018	24	13	13	0	14	2	40	11	11	100
JOS174F8	535199	15REDF1        	7/24/2018	24	13	13	0	13	2	15	11	5	79
JOS174F8	535200	69NAVY7        	7/23/2018	288	5	5	0	11	2	50	13	11	100
JOS174F8	535200	69NAVY8        	7/23/2018	288	5	5	0	13	2	8	14	11	100
JOS174F8	535201	69NAVY7        	7/23/2018	48	5	5	0	13	2	51	13	11	100
JOS174F8	535201	69NAVY8        	7/23/2018	48	5	5	0	11	2	20	13	11	100
JOS174F8	535202	69NAVY7        	7/23/2018	372	5	5	0	11	2	93	11	11	100
JOS174F8	535202	69NAVY8        	7/23/2018	372	5	5	0	11	2	83	11	5	79
JOS174F8	535203	69NAVY7        	7/25/2018	132	4	4	0	11	2	87	11	2	86
JOS174F8	535203	69NAVY8        	7/25/2018	132	4	4	0	11	2	52	14	2	66
JOS174F8	535204	69NAVY7        	7/24/2018	250	4	4	0	11	2	90	11	2	98
JOS174F8	535204	69NAVY8        	7/24/2018	250	4	4	0	11	2	52	11	2	77
JOS174F8	535205	69NAVY7        	7/23/2018	1104	5	4	0	11	2	87	12	11	100
JOS174F8	535205	69NAVY8        	7/23/2018	1104	5	4	0	11	2	60	12	5	100
NK006EU8	535908	SOLMULPINK     	7/19/2018	1062	13	13	0	13	11	100	13	13	0
NK006EU8	535908	SOLMULWHT      	7/20/2018	531	13	13	0	13	11	100	13	13	0
NK006EU8	535909	SOLIDMBLCK     	7/20/2018	268	13	13	0	13	9	0	13	13	0
NK006EU8	535909	SOLMULPINK     	7/20/2018	268	13	13	0	13	11	100	13	13	0
NK006EU8	535909	SOLMULWHT      	7/20/2018	134	13	13	0	13	11	100	13	13	0
NK013EU8	535920	WWHTE          	7/19/2018	100	11	11	100	11	9	99	11	11	100
NK034BU8	535921	WHEBLCK        	7/25/2018	100	11	9	92	14	2	99	11	11	100
NK036BU8	535923	BLCBLC         	7/19/2018	80	13	13	0	11	7	66	11	11	100
NK036BU8	535923	PINKPINK       	7/20/2018	80	13	13	0	11	7	67	11	11	100
NK036BU8	535924	WHEBLCK        	7/20/2018	100	13	13	0	11	7	66	11	11	100
NK036BU8	535924	WTEWTE         	7/20/2018	100	13	13	0	11	9	99	11	11	100
NK006EU8	535928	BBLACK         	7/20/2018	7410	11	11	100	11	2	34	11	11	100
NK013EU8	535937	BBLACK         	7/19/2018	1615	11	10	7	11	9	99	14	11	100
NK013EU8	535938	WWHTE          	7/20/2018	400	13	13	0	11	9	99	11	11	100
NK036BU8	535955	BLCBLC         	7/23/2018	320	13	11	100	11	2	66	11	11	100
NK036BU8	535955	PINKPINK       	7/23/2018	320	11	11	100	11	7	67	11	11	100
NK036BU8	535956	WHEBLCK        	7/24/2018	400	13	9	0	11	2	66	11	11	100
NK036BU8	535956	WTEWTE         	7/25/2018	400	11	11	100	11	9	99	11	11	100
NK002CU8	535972	PRINMELA       	7/20/2018	38	13	13	0	13	13	0	13	13	0
NK002CU8	535972	PRINTELA       	7/23/2018	38	13	13	0	13	13	0	13	13	0
NK002CU8	535972	PRINTMELA      	7/23/2018	38	13	13	0	13	11	100	13	13	0
NK002EU8	535973	BBLACK         	7/25/2018	3025	9	9	0	11	2	33	11	11	100
NK002CU8	535995	PNKPRNTDOT     	7/23/2018	148	11	11	100	13	13	0	13	13	0
NK002CU8	535995	PRINSOFT       	7/23/2018	148	11	11	100	13	13	0	13	13	0
NK002CU8	535995	PRNTSFTRIP     	7/23/2018	148	11	11	100	13	13	0	13	13	0
NK002CU8	535996	PRINMELA       	7/24/2018	151	13	13	0	13	13	0	13	13	0
NK002CU8	535996	PRINTELA       	7/24/2018	151	13	13	0	13	13	0	13	13	0
NK002CU8	535996	PRINTMELA      	7/24/2018	151	13	13	0	13	11	100	13	13	0
NK002CU8	535997	PRINTBLAC      	7/24/2018	32	13	13	0	13	11	100	13	13	0
NK002CU8	535997	PRINTBLDOT     	7/24/2018	32	13	13	0	13	13	0	13	13	0
NK002CU8	535997	PRNTAC         	7/24/2018	32	13	13	0	13	13	0	13	13	0
NK004EU8	536013	WWHTE          	7/24/2018	1160	11	11	100	11	9	33	11	11	100
NK001EU8	536034	SOLMULPINK     	7/19/2018	602	11	11	100	13	11	100	13	13	0
NK001EU8	536034	SOLMULWHT      	7/19/2018	301	11	11	100	13	11	100	13	13	0
NK001EU8	536035	SOLIDMBLCK     	7/19/2018	148	13	13	0	11	9	31	11	11	100
NK001EU8	536035	SOLMULPINK     	7/19/2018	148	13	13	0	11	11	100	11	11	100
NK001EU8	536035	SOLMULWHT      	7/19/2018	74	13	13	0	11	9	100	11	11	100
NK001EU8	536036	WWHTE          	7/19/2018	275	13	13	0	11	9	100	11	11	100
NK002CU8	536037	PNKPRNTDOT     	7/24/2018	37	13	13	0	11	9	50	11	11	100
NK002CU8	536037	PRINSOFT       	7/24/2018	37	13	13	0	11	9	100	11	11	100
NK002CU8	536037	PRNTSFTRIP     	7/24/2018	37	13	13	0	11	9	50	11	11	100
NK002CU8	536038	PRINTBLAC      	7/24/2018	126	13	13	0	11	2	49	11	11	100
NK002CU8	536038	PRINTBLDOT     	7/24/2018	126	13	13	0	11	9	50	11	11	100
NK002CU8	536038	PRNTAC         	7/24/2018	126	13	13	0	11	9	50	11	11	100
NK004EU8	536045	BBLACK         	7/24/2018	1045	13	13	0	11	2	32	14	11	100
NK004EU8	536046	SOLIDMBLCK     	7/25/2018	642	9	9	0	11	2	32	11	11	100
NK004EU8	536046	SOLMULPINK     	7/25/2018	642	11	11	100	11	11	100	11	11	100
CN1951E8	536389	0010BLACK      	7/25/2018	113625	5	5	0	11	5	0	11	2	33
O38504M8	536654	BRIGH94V9      	7/23/2018	3057	11	11	100	11	11	100	11	11	100
O38504M8	536655	0BK09354A2     	7/23/2018	6500	11	11	100	11	7	99	11	11	100
O38504M8	536657	EMPIRE3YRR     	7/25/2018	3996	11	11	100	11	6	87	11	11	100
O38503M8	536661	57M51          	7/25/2018	2911	11	11	100	11	11	100	11	11	100
O38503M8	536662	CONF96V        	7/25/2018	2492	11	11	100	11	11	100	11	11	100
O29308M8	536664	AMETHY3        	7/21/2018	1382	11	11	100	11	11	100	14	11	100
O29308M8	536665	RSELS3NYX      	7/20/2018	1263	11	11	100	14	2	100	14	11	100
O29308M8	536666	EVRGRE         	7/20/2018	1897	11	2	100	14	11	100	14	11	100
O30409M8	536688	PINKBN11T0     	7/24/2018	5317	11	11	100	11	11	100	11	11	100
O30409M8	536689	123417C        	7/24/2018	3186	11	11	100	11	11	100	13	11	100
O30409M8	536690	123417C50      	7/19/2018	2658	13	11	100	11	11	100	11	11	100
O30409M8	536692	28P7           	7/20/2018	9272	11	11	100	11	11	100	13	11	100
L19285M8	536718	123538C51      	7/23/2018	2000	11	11	100	11	7	73	11	11	100
L19285M8	536720	123538C50      	7/25/2018	2000	11	11	100	11	5	72	11	11	100
L29308M8	536738	0BK09354A2     	7/21/2018	39535	11	11	100	11	7	100	2	1	0
L29308M8	536746	123VNX         	7/24/2018	27225	11	11	100	11	11	100	2	2	0
L29308M8	536747	BLCKPEARL9     	7/19/2018	27115	11	11	100	11	2	100	13	11	100
L33202M8	536755	PINKBN11T0     	7/24/2018	16697	11	11	100	11	11	100	13	11	100
L38503M8	536758	57M51          	7/20/2018	14525	11	11	100	11	11	100	13	11	100
L38505M8	536774	0BK09354A2     	7/19/2018	20025	11	11	100	13	11	100	13	13	0
L30409M8	536818	34Y1           	7/23/2018	20170	11	7	48	11	11	100	11	11	100
L30409M8	536819	ALMOST65H8     	7/24/2018	11511	11	11	100	11	11	100	11	11	100
L30409M8	536821	57M51          	7/25/2018	12313	11	11	100	11	11	100	11	11	100
L30409M8	536823	123417C        	7/25/2018	8427	13	11	100	11	11	100	11	11	100
L30409M8	536825	123417C50      	7/20/2018	8109	11	11	100	11	11	100	11	11	100
L30409M8	536829	123417C        	7/20/2018	4000	11	11	100	13	11	100	11	11	100
L30409M8	536830	123417C50      	7/19/2018	4000	11	11	100	11	11	100	13	13	0
L30409M8	536833	28P7           	7/21/2018	17190	13	11	100	11	11	100	11	11	100
L30409M8	536835	57M51          	7/25/2018	4000	11	11	100	13	11	100	13	11	100
L30409M8	536837	BLCKPEARL9     	7/23/2018	13092	11	7	29	11	11	100	11	11	100
L30409M8	536839	BRIGH94V9      	7/25/2018	15280	11	7	35	11	2	92	11	11	100
L30409M8	536842	PINKBN11T0     	7/21/2018	4000	11	11	100	13	11	100	13	13	0
JJS137F8	537709	69NAVY4        	7/23/2018	690	13	13	0	13	1	8	14	2	2
JJS137F8	537713	69NAVY4        	7/25/2018	270	13	13	0	14	1	8	13	10	0
P185524K	537778	PTRYB3Z27      	7/19/2018	45002	11	11	100	14	11	100	11	11	100
K181391K	537795	F171251        	7/21/2018	5152	11	11	100	11	5	100	11	11	100
K180257K	537814	U1804AJL       	7/19/2018	4781	11	11	100	13	11	100	13	13	0
TKU02BE8	538326	DARKN41000     	7/21/2018	1605	11	11	100	11	10	99	11	2	81
JJS131F8	538406	09BLAC2        	7/24/2018	120	11	5	57	14	1	74	11	4	100
JJT131F8	538974	09BLAC2        	7/24/2018	210	10	5	0	11	11	100	11	11	100
JJT129F8	538976	03GREY1        	7/23/2018	1260	11	10	84	11	10	100	11	11	100
JJT131F8	538994	60LTBL         	7/25/2018	630	10	7	0	11	11	100	11	9	96
JJT131F8	538995	09BLAC2        	7/24/2018	90	10	5	0	11	11	100	11	11	100
JJT138F8	538999	63BLUE1        	7/23/2018	60	13	2	0	11	11	100	13	11	100
JJT131F8	539038	03GREY2        	7/23/2018	450	10	5	0	11	10	100	11	11	100
JJT131F8	539039	09BLAC2        	7/22/2018	90	10	5	0	11	11	100	11	11	100
JJT131F8	539040	09BLAC2        	7/24/2018	300	10	5	0	11	11	100	11	11	100
JJT131F8	539041	09BLAC2        	7/24/2018	240	10	5	0	11	11	100	11	11	100
JJT138F8	539050	63BLUE1        	7/22/2018	180	11	2	9	11	11	100	13	11	100
T152CR14	539351	DARHKGRN88     	7/20/2018	430	11	11	100	13	5	59	13	5	8
T152CR14	539351	DRKNAVY410     	7/21/2018	430	10	10	0	13	5	59	13	5	8
T152CR14	539351	VIBANROAL8     	7/21/2018	430	11	11	100	13	5	59	13	5	8
T150CR14	539590	QY7ZU          	7/23/2018	22412	11	11	100	14	5	32	11	2	49
T150CR14	539598	FP54X          	7/19/2018	1620	11	11	100	13	5	2	13	9	2
T150CR14	539599	FP54X          	7/21/2018	6600	11	9	98	11	5	32	14	2	44
T190CR14	540088	BLACK07        	7/20/2018	765	13	13	0	13	2	0	13	11	100
T191CR14	540094	BLACK07        	7/19/2018	10833	11	11	100	14	5	97	13	2	55
O32784M8	540328	31852741LL     	7/25/2018	2790	11	6	66	11	5	100	11	11	100
O34260M8	540329	31852741LL     	7/19/2018	2880	11	6	82	11	11	100	11	11	100
T152BF84	540331	BLUEGR         	7/25/2018	40	9	9	0	11	9	95	11	5	41
T152BF84	540331	DARKNA1        	7/25/2018	40	9	9	0	11	9	95	11	5	41
T152BF8I	540371	GRAPHI3        	7/20/2018	40	13	13	0	13	13	0	13	5	0
T152BF8I	540371	LICORI1        	7/20/2018	40	13	13	0	13	13	0	13	5	0
T152BF8I	540371	ONYX011        	7/20/2018	40	13	13	0	13	13	0	13	5	0
T152BF8I	540371	RED6003        	7/20/2018	40	13	13	0	13	13	0	13	5	0
JJA069S9	540710	00WHITE        	7/21/2018	210	5	5	0	9	5	0	9	2	0
JJA069S9	540711	03GMARL        	7/21/2018	210	5	5	0	9	5	0	9	2	0
JJA069S9	540712	09BLCK         	7/21/2018	210	5	5	0	9	5	0	9	2	0
JJA069S9	540713	69NVTY         	7/21/2018	210	5	5	0	9	5	0	9	2	0
K19831Y8	541063	COCOAP         	7/19/2018	3600	13	11	100	11	5	98	14	13	100
K19831Y8	541064	HTWHTI         	7/20/2018	3900	13	11	100	14	5	97	14	13	100
P19831Y8	541083	COCOAP         	7/19/2018	27590	11	2	81	11	11	100	14	11	100
P19831Y8	541084	HTWHTI         	7/20/2018	29889	11	11	100	14	5	100	14	11	100
T152BJ84	541403	BLUEGR         	7/24/2018	1200	9	9	0	11	9	97	11	2	52
T152BJ84	541403	DARKNA1        	7/24/2018	1200	9	9	0	11	9	97	11	2	54
T152BJ84	541403	PETROL1        	7/24/2018	1200	9	9	0	11	9	97	11	2	55
T152BJ84	541403	YACHTC         	7/24/2018	1200	9	9	0	11	9	97	11	2	55
NK007EU8	541777	SONKFTPINK     	7/20/2018	4	11	10	15	11	10	34	14	11	100
NK009EU8	541779	SONKFTPINK     	7/19/2018	4	11	10	10	11	10	33	11	11	100
NK010EU8	541780	PNALNUDE       	7/20/2018	4	11	10	11	11	11	100	11	11	100
JJT131F8	541794	03GREY2        	7/24/2018	150	10	5	0	11	10	100	11	11	100
JJT131F8	541796	03GREY2        	7/24/2018	30	10	5	0	11	10	100	11	11	100
JJT131F8	541801	03GREY2        	7/24/2018	390	13	10	0	11	10	100	11	11	100
JJT131F8	541805	03GREY2        	7/25/2018	1920	10	5	0	11	10	100	11	9	96
JJT131F8	541807	60LTBL         	7/23/2018	720	10	10	0	11	11	100	11	11	100
JJT131F8	541812	60LTBL         	7/23/2018	1200	10	10	0	11	11	100	11	11	100
JJT131F8	541821	60LTBL         	7/23/2018	7440	10	7	0	11	11	100	11	11	100
JJT131F8	541823	60LTBL         	7/23/2018	1680	13	13	0	11	11	100	13	13	0
JJT131F8	541824	03GREY2        	7/24/2018	180	13	10	0	13	13	0	13	13	0
JJT131F8	541825	03GREY2        	7/24/2018	480	13	10	0	13	13	0	13	13	0
JJT131F8	541828	09BLAC2        	7/23/2018	1440	10	5	0	11	11	100	11	11	100
JJT131F8	541830	03GREY2        	7/25/2018	1200	13	10	0	13	11	100	13	11	100
JJT131F8	541834	60LTBL         	7/25/2018	720	13	13	0	11	11	100	11	2	95
JJT131F8	541839	60LTBL         	7/22/2018	4080	13	10	0	13	11	100	13	11	100
JJT131F8	541841	09BLAC2        	7/22/2018	960	10	5	0	11	11	100	11	11	100
JJT131F8	541842	60LTBL         	7/23/2018	960	10	7	0	11	11	100	13	13	0
JJT131F8	541846	60LTBL         	7/22/2018	1680	10	10	0	11	11	100	11	11	100
JJT131F8	541853	60LTBL         	7/25/2018	1920	10	7	0	11	11	100	11	9	96
JJT131F8	541855	60LTBL         	7/19/2018	6720	10	10	0	13	11	100	13	11	100
JJT131F8	541864	03GREY2        	7/22/2018	480	13	10	0	11	10	100	11	11	100
JJT131F8	541867	03GREY2        	7/22/2018	180	13	10	0	11	10	100	11	11	100
JJT131F8	541872	03GREY2        	7/23/2018	270	10	5	0	11	10	100	11	11	100
JJT131F8	541883	60LTBL         	7/24/2018	3360	10	7	0	11	11	100	11	11	100
JJT131F8	541885	60LTBL         	7/25/2018	5760	10	5	0	11	7	99	11	9	96
T173BB84	542103	JETBK17000     	7/24/2018	4800	11	11	100	11	9	99	11	9	90
T173BB84	542103	ROUGE94        	7/24/2018	2400	11	11	100	11	9	100	11	9	95
JJT129F8	542349	69NAVY2        	7/24/2018	480	11	5	10	11	11	100	11	11	100
JJT129F8	542351	69NAVY2        	7/24/2018	4560	11	5	10	11	11	100	11	11	100
TK203BJ8	542615	BLACK07        	7/24/2018	2700	11	5	18	11	9	99	11	2	57
TK203BJ8	542617	DARKN41000     	7/24/2018	1850	11	11	100	11	9	98	11	5	52
TK203BJ8	542617	POWB45000      	7/24/2018	1850	11	5	31	11	2	45	11	5	36
TK203BJ8	542617	STEELG         	7/24/2018	1850	11	5	12	11	2	60	11	5	36
TK203BJ8	542619	WHITE10000     	7/24/2018	2475	11	4	23	11	5	25	11	2	36
TK203BJ8	542621	DARKN41000     	7/24/2018	850	11	11	100	11	5	54	11	5	36
TK203BJ8	542621	OAIS32401      	7/24/2018	850	10	5	0	11	2	45	11	2	36
TK203BJ8	542621	STARDU1        	7/24/2018	850	11	5	12	11	2	55	11	5	36
TK202BJ8	542623	DARKN41000     	7/24/2018	1000	11	11	100	11	5	15	11	5	42
TK202BJ8	542623	POWB45000      	7/24/2018	1000	5	5	0	11	2	1	11	2	42
TK202BJ8	542623	STEELG         	7/24/2018	1000	5	5	0	11	2	1	11	5	42
TK202BJ8	542625	BLACK07        	7/24/2018	2475	5	2	0	11	5	11	11	2	42
TK202BJ8	542627	BLU40000       	7/24/2018	1850	11	11	100	11	5	7	11	5	49
TK202BJ8	542627	DARKN41000     	7/24/2018	1850	11	11	100	11	5	6	11	5	49
TK202BJ8	542627	MAH08          	7/24/2018	1850	11	11	100	11	5	7	11	5	48
TK202BJ8	542629	WHITE10000     	7/24/2018	2475	5	5	0	11	5	3	11	5	35
TK204BJ8	542631	BLUE400000     	7/24/2018	475	11	11	100	11	5	17	11	5	12
TK204BJ8	542631	DARK410000     	7/24/2018	950	11	11	100	11	5	4	11	5	12
TK204BJ8	542631	MAH08          	7/24/2018	475	11	11	100	11	5	2	11	2	12
TK204BJ8	542633	WHIT100000     	7/24/2018	1700	5	5	0	11	5	2	11	2	14
JJT129F8	542775	69NAVY2        	7/24/2018	150	11	5	10	11	11	100	11	11	100
JJT129F8	542777	69NAVY2        	7/24/2018	3120	11	5	10	11	1	86	11	4	100
JJT129F8	542779	69NAVY2        	7/22/2018	4560	11	5	10	11	1	86	11	11	100
JJT129F8	542783	69NAVY2        	7/25/2018	480	11	5	10	11	11	100	11	9	96
JJT129F8	542785	69NAVY2        	7/25/2018	1200	11	5	10	11	11	100	11	1	84
JJT129F8	542792	69NAVY2        	7/19/2018	630	11	10	10	11	11	100	11	11	100
JJT129F8	542793	69NAVY2        	7/19/2018	1680	13	10	0	11	11	100	11	11	100
JJT129F8	542794	69NAVY2        	7/22/2018	60	13	5	0	11	11	100	11	11	100
JJT129F8	542805	71PURP         	7/24/2018	4560	11	11	100	11	10	88	13	11	100
JJT129F8	542806	71PURP         	7/25/2018	1200	13	13	0	11	10	82	11	9	96
JJT129F8	542842	69NAVY2        	7/22/2018	480	13	5	0	11	11	100	11	11	100
JJT129F8	542844	69NAVY2        	7/22/2018	1200	13	5	0	11	11	100	11	11	100
JJT129F8	542845	69NAVY2        	7/24/2018	60	13	5	0	11	11	100	11	11	100
JJT129F8	542848	69NAVY2        	7/22/2018	3600	13	5	0	11	11	100	11	11	100
JJT129F8	542850	69NAVY2        	7/24/2018	5520	11	5	2	11	11	100	11	9	97
JJT129F8	542851	69NAVY2        	7/24/2018	270	11	5	10	11	11	100	11	11	100
JJT129F8	542856	71PURP         	7/25/2018	480	13	13	0	11	10	82	11	9	96
JJT129F8	542858	71PURP         	7/23/2018	4560	13	13	0	11	1	79	11	11	100
L03811Q8	543227	AQUATI         	7/20/2018	30773	11	7	5	11	11	100	11	11	100
L03811Q8	543229	CLN84L01       	7/20/2018	36958	11	7	5	11	11	100	14	11	100
L03812Q8	543240	AQUATI         	7/25/2018	22303	11	7	6	14	11	100	14	11	100
L03812Q8	543241	KIR28P         	7/24/2018	34815	13	5	0	13	11	100	14	11	100
L03812Q8	543243	BLACK020       	7/20/2018	18728	11	11	100	14	11	100	14	11	100
L03810Q8	543246	28P7           	7/19/2018	31376	13	5	4	13	11	100	11	11	100
L03810Q8	543250	NEW1W3         	7/24/2018	18677	11	11	100	11	11	100	11	11	100
L03810Q8	543252	CLN84L01       	7/24/2018	5492	11	7	7	11	11	100	11	11	100
L03810Q8	543257	28P7           	7/19/2018	5492	13	13	0	13	11	100	13	11	100
CN1564C8	543258	612RYM1        	7/19/2018	514	5	5	0	11	5	50	12	5	43
CN1564C8	543260	612RYM1        	7/20/2018	2000	5	5	0	14	2	40	14	2	43
O03811Q8	543297	AQUATI         	7/20/2018	1544	11	7	5	11	11	100	14	11	100
O03810Q8	543303	CLN84L01       	7/24/2018	3570	11	7	6	14	11	100	11	11	100
O03810Q8	543304	28P7           	7/19/2018	4095	11	5	6	13	11	100	13	11	100
JJT136F8	543942	1OFFWHI        	7/20/2018	960	11	7	9	11	10	53	14	5	83
JJT136F8	543948	69NAVYD        	7/19/2018	4800	7	5	0	11	11	100	14	5	94
JJT136F8	543952	1OFFWHI        	7/19/2018	480	11	7	9	11	10	53	11	5	89
JJT136F8	543954	1OFFWHI        	7/19/2018	3840	11	7	9	11	10	53	11	5	86
JJT137F8	543965	69NAVY4        	7/20/2018	1200	13	13	0	13	10	99	13	10	98
JJT137F8	543967	69NAVY4        	7/20/2018	960	13	13	0	13	7	52	13	10	98
CZ1289C7	544092	90WCACK        	7/19/2018	2355	11	11	100	11	2	42	12	2	100
CZ1289C7	544092	90WCTER        	7/20/2018	2355	11	11	100	11	2	43	12	2	100
CZ1289C7	544092	9WCEDGREY      	7/21/2018	2355	11	11	100	11	2	43	12	2	100
CZ1289C7	544093	001WWWHTE      	7/23/2018	1266	11	11	100	11	2	41	12	2	100
CZ1290C7	544098	90WCACK        	7/21/2018	2984	11	11	100	11	2	49	12	2	100
CZ1290C7	544098	90WCTER        	7/23/2018	2984	11	11	100	11	2	50	12	2	100
CZ1290C7	544098	9WCEDGREY      	7/24/2018	2984	11	11	100	11	2	50	12	2	100
CZ4183D7	544111	962BEDWARE     	7/19/2018	2418	11	11	100	11	2	73	12	11	100
CZ4183D7	544112	0001BLACK      	7/20/2018	192	11	11	100	11	2	71	12	11	100
CZ4183D7	544113	100WHITEA      	7/20/2018	140	5	5	0	11	2	59	12	11	100
CZ4183D7	544114	961WBATHER     	7/20/2018	30	5	5	0	14	2	60	12	11	100
CZ4183D7	544114	961WBBLACK     	7/20/2018	30	11	11	100	14	2	71	12	11	100
CZ4183D7	544114	961WBWHITE     	7/20/2018	60	5	5	0	11	2	59	12	11	100
CZ4183D7	544115	962BEDBLDE     	7/20/2018	35	11	11	100	14	2	61	12	11	100
CZ4183D7	544115	962BEDBLUE     	7/20/2018	35	11	11	100	11	2	60	12	11	100
CZ4183D7	544115	962BEDNAVY     	7/20/2018	35	11	11	100	11	2	61	12	11	100
CZ4183D7	544115	962BEDWARE     	7/20/2018	35	11	11	100	11	2	72	12	11	100
TKU02BK8	544123	DARKN41000     	7/24/2018	500	11	11	100	11	9	68	14	5	62
TKU02BK8	544124	GRAY004000     	7/24/2018	500	11	11	100	11	9	68	11	5	57
TKU02BK8	544125	MAH08          	7/24/2018	500	11	11	100	11	10	71	11	5	46
TKU02BK8	544126	WHITE10000     	7/24/2018	500	11	9	75	11	10	71	11	5	46
CZ4183D7	544395	0001BLACK      	7/20/2018	7256	11	11	100	11	2	60	12	2	100
TK191BK8	544453	BLACK07        	7/24/2018	930	11	11	100	11	9	98	11	5	52
TK191BK8	544454	DARKN41000     	7/24/2018	379	11	11	100	11	9	99	11	5	52
TK191BK8	544454	GRAYHE         	7/24/2018	379	11	11	100	11	9	98	11	5	52
TK191BK8	544454	MAH08          	7/24/2018	379	11	11	100	11	9	100	11	5	52
TK191BK8	544455	BL4640         	7/24/2018	150	11	11	100	11	2	97	11	5	52
TK191BK8	544455	BLU40000       	7/24/2018	150	11	11	100	11	2	97	11	5	52
TK191BK8	544455	DARKN41000     	7/24/2018	150	11	10	4	11	9	99	11	5	52
JJT138F8	544471	09BLAC3        	7/23/2018	720	13	13	0	13	5	20	13	11	100
JOW129F8	544729	69NAVY2        	7/25/2018	300	2	2	0	11	7	75	11	2	50
JJT131F8	544925	03GREY2        	7/24/2018	119	10	5	0	11	9	74	11	4	52
JJT131F8	544925	09BLAC2        	7/25/2018	153	10	5	0	11	9	74	11	4	52
JJT131F8	544925	60LTBL         	7/25/2018	238	10	5	0	11	9	74	11	4	52
JJT131F8	544928	03GREY2        	7/24/2018	350	10	5	0	11	9	74	11	4	52
JJT131F8	544928	09BLAC2        	7/24/2018	450	10	5	0	11	9	74	11	4	52
JJT131F8	544928	60LTBL         	7/24/2018	700	10	7	0	11	9	74	11	4	52
JJT129F8	545378	03GREY1        	7/24/2018	270	11	10	10	11	1	74	11	2	50
JJT129F8	545379	03GREY1        	7/25/2018	720	11	10	10	11	1	74	11	2	50
JJT130F8	545390	10PINK1        	7/24/2018	120	11	11	100	11	7	74	11	4	50
JJT131F8	545392	03GREY2        	7/25/2018	90	10	5	0	11	9	74	11	4	50
JJT131F8	545393	09BLAC2        	7/25/2018	180	10	5	0	11	9	74	11	4	50
JJT131F8	545394	60LTBL         	7/25/2018	90	10	5	0	11	9	74	11	4	50
JOW131F8	545405	03GREY2        	7/25/2018	360	11	2	91	11	7	75	11	4	50
JOW131F8	545406	09BLAC2        	7/25/2018	300	2	2	0	11	7	75	11	4	52
P14745W8	545516	U1894D54       	7/24/2018	63266	5	5	0	11	4	0	4	4	0
P181391W	545517	F171254C59     	7/23/2018	47902	11	5	19	11	5	100	11	11	100
P181391W	545519	H1854C72       	7/24/2018	32059	11	5	19	11	5	99	11	11	100
P185369W	545521	F171254C58     	7/23/2018	50976	11	11	100	11	5	100	11	11	100
P185369W	545523	F18C014C5Y     	7/25/2018	46987	11	7	32	11	1	74	11	11	100
P185524W	545524	H18C024C6X     	7/24/2018	31938	5	5	0	11	5	61	11	11	100
P19831W8	545532	U189543VB      	7/24/2018	37050	5	5	0	11	5	99	11	11	100
K14745W8	545605	U1894D54       	7/23/2018	8271	5	5	0	11	4	1	11	11	100
K181391W	545606	F171254C59     	7/23/2018	7313	11	5	19	11	5	100	11	11	100
K185369W	545608	F171254C58     	7/23/2018	6175	11	11	100	11	5	100	11	11	100
K185369W	545609	F18C014C5Y     	7/23/2018	5681	11	11	100	11	5	81	5	5	0
K185524W	545610	H18C024C6X     	7/24/2018	9903	5	2	0	11	5	55	11	11	100
K19831W8	545611	GOLD95U4       	7/25/2018	8920	11	5	71	11	11	100	11	11	100
K19831W8	545612	H183864C6Y     	7/24/2018	7548	5	5	0	11	2	99	5	5	0
K19831W8	545613	PUBK2ZUO       	7/25/2018	10978	11	5	70	11	1	99	11	11	100
K19831W8	545614	U189543VB      	7/24/2018	10292	5	5	0	11	5	99	11	11	100
JJT138F8	545955	10PINK4        	7/22/2018	225	11	7	9	11	9	27	11	4	52
JJT138F8	545955	63BLUE1        	7/25/2018	225	11	2	9	11	9	74	11	4	52
JJT138F8	545957	63BLUE1        	7/25/2018	360	11	2	6	11	9	74	13	4	52
JJT136F8	545960	10WATER        	7/22/2018	600	11	7	9	11	9	73	11	4	54
JJT136F8	545964	10WATER        	7/22/2018	300	11	7	9	11	9	74	11	4	52
JJT136F8	545964	69NAVYD        	7/22/2018	300	7	5	0	11	9	74	11	4	52
JJT136F8	545966	10WATER        	7/22/2018	450	11	2	8	11	5	74	11	4	54
JJT136F8	545969	10WATER        	7/22/2018	90	7	2	0	11	5	74	11	4	54
TK159BF8	546096	WHITE116       	7/25/2018	36	13	13	0	13	13	0	13	13	0
TK159BF8	546097	GRAYHE9        	7/25/2018	36	13	13	0	13	13	0	13	13	0
CA4921B8	546132	00100BLACK     	7/25/2018	45	13	13	0	13	13	0	13	13	0
CA4921B8	546133	02002ATHER     	7/25/2018	45	13	13	0	13	13	0	13	13	0
CA4995B8	546279	11WHTE         	7/25/2018	45	13	13	0	13	13	0	13	13	0
CF4921C8	546299	612RYICRED     	7/25/2018	45	13	13	0	13	13	0	13	13	0
JJA404F8	548331	01OFFW1        	7/21/2018	420	11	11	100	11	2	61	11	11	100
JJA404F8	548331	01OFFW2        	7/21/2018	420	11	11	100	11	2	78	11	11	100
JJA404F8	548332	10PINK6        	7/21/2018	2328	11	2	4	11	2	33	11	11	100
JJA404F8	548332	10PINK7        	7/21/2018	2328	11	11	100	11	2	66	11	11	100
JJA404F8	548333	69NAVY5        	7/21/2018	4260	11	4	5	11	2	32	11	11	100
JJA404F8	548333	69NAVY6        	7/21/2018	4260	11	11	100	11	2	60	11	11	100
